sex,race,age,juv_fel_count,juv_misd_count,juv_other_count,priors_count,A,B,C,D,E,F,G,H,I,predicted,truth
7,1,0,0,1,0,0,0,0,44,0,0,0,0,0,0,0,0
18,1,0,1,0,0,0,0,0,41,0,0,0,0,0,0,0,0
27,1,0,0,0,1,0,0,0,27,0,0,0,0,1,0,1,1
41,1,0,0,0,1,0,0,0,30,0,0,0,9,1,0,1,1
47,1,0,1,0,0,0,0,0,32,0,0,0,15,0,0,1,0
59,1,0,0,0,1,0,0,0,29,0,0,0,2,1,0,1,1
70,1,0,1,0,0,0,0,0,29,0,0,0,0,0,0,0,0
76,1,0,0,0,1,0,0,0,33,0,0,0,1,0,0,0,0
79,1,0,1,0,0,0,0,0,31,0,0,1,15,1,0,1,1
111,1,0,1,0,0,0,0,0,40,0,0,0,2,0,0,0,0
114,1,0,0,0,1,0,0,0,22,0,0,0,0,0,0,0,0
116,1,0,0,0,1,0,0,0,27,0,0,0,1,1,1,1,1
122,1,0,1,0,0,0,0,0,30,0,0,0,8,1,1,1,1
128,1,0,1,0,0,0,0,0,25,1,6,1,14,1,1,1,1
133,1,0,1,0,0,0,0,0,54,0,0,0,6,0,0,0,0
137,1,0,1,0,0,0,0,0,36,0,0,0,9,1,0,1,1
144,1,0,1,0,0,0,0,0,34,0,0,0,3,0,0,0,0
152,1,0,1,0,0,0,0,0,24,0,0,0,1,0,0,0,0
158,1,0,0,0,1,0,0,0,31,0,0,0,0,0,0,0,0
164,1,0,1,0,0,0,0,0,21,1,0,1,2,0,0,0,0
170,1,0,1,0,0,0,0,0,27,0,0,0,3,0,0,0,0
180,1,0,1,0,0,0,0,0,31,0,0,0,1,0,0,0,0
184,1,0,1,0,0,0,0,0,27,0,0,0,3,1,0,1,1
204,1,0,1,0,0,0,0,0,37,0,0,0,13,0,0,1,0
217,1,0,1,0,0,0,0,0,28,0,0,0,15,0,0,1,0
221,1,0,1,0,0,0,0,0,42,0,0,0,2,0,0,0,0
232,0,1,0,0,1,0,0,0,26,0,0,0,0,0,0,0,0
250,1,0,0,0,1,0,0,0,41,0,0,0,5,0,0,0,0
278,1,0,1,0,0,0,0,0,23,0,0,0,0,1,0,1,1
295,1,0,1,0,0,0,0,0,38,0,0,0,14,0,0,1,0
302,0,1,1,0,0,0,0,0,35,0,1,0,23,1,0,1,1
317,0,1,1,0,0,0,0,0,28,0,0,0,1,0,0,0,0
322,1,0,1,0,0,0,0,0,45,0,0,0,3,0,0,0,0
332,0,1,1,0,0,0,0,0,30,0,0,0,2,0,0,0,0
335,1,0,1,0,0,0,0,0,37,0,0,0,0,1,1,1,1
359,1,0,1,0,0,0,0,0,32,0,1,0,14,0,0,1,0
377,0,1,0,0,1,0,0,0,24,0,0,0,1,1,1,1,1
380,1,0,1,0,0,0,0,0,47,0,0,0,0,0,0,0,0
390,1,0,1,0,0,0,0,0,27,0,0,0,4,0,0,0,0
393,0,1,1,0,0,0,0,0,37,0,0,0,2,0,0,0,0
397,1,0,1,0,0,0,0,0,46,1,0,0,5,0,0,0,0
423,1,0,0,0,1,0,0,0,37,0,0,0,3,0,0,0,0
428,1,0,0,0,1,0,0,0,46,0,0,0,3,0,0,0,0
433,0,1,0,0,1,0,0,0,34,0,0,0,0,0,0,0,0
437,1,0,0,0,1,0,0,0,23,0,0,0,0,1,0,1,1
455,1,0,0,1,0,0,0,0,57,0,0,0,6,0,0,0,0
468,1,0,1,0,0,0,0,0,27,0,0,0,0,0,0,0,0
480,1,0,1,0,0,0,0,0,20,0,0,0,0,1,0,1,1
488,1,0,0,0,1,0,0,0,36,0,0,0,0,0,0,0,0
489,1,0,0,0,1,0,0,0,28,0,0,0,2,1,1,1,1
515,1,0,1,0,0,0,0,0,37,0,0,0,4,0,0,0,0
516,1,0,1,0,0,0,0,0,32,0,1,0,12,1,1,1,1
517,1,0,1,0,0,0,0,0,23,0,0,1,1,0,0,0,0
535,1,0,0,0,1,0,0,0,28,0,0,0,0,0,0,0,0
554,1,0,0,0,1,0,0,0,29,0,0,0,2,0,0,0,0
584,1,0,1,0,0,0,0,0,35,0,0,0,2,0,0,0,0
585,1,0,1,0,0,0,0,0,36,0,0,0,8,0,0,0,0
587,1,0,1,0,0,0,0,0,60,0,0,0,1,0,0,0,0
605,1,0,1,0,0,0,0,0,26,0,0,2,6,0,0,1,0
607,1,0,0,0,1,0,0,0,65,0,0,0,0,0,0,0,0
617,1,0,0,1,0,0,0,0,60,0,0,0,4,0,0,0,0
626,0,1,0,0,1,0,0,0,47,0,0,0,1,0,0,0,0
628,1,0,0,0,1,0,0,0,25,0,0,0,0,1,0,1,1
636,1,0,1,0,0,0,0,0,22,0,0,0,2,0,0,0,0
674,1,0,1,0,0,0,0,0,24,0,0,0,1,1,1,1,1
676,1,0,0,0,1,0,0,0,34,0,0,0,9,0,0,0,0
678,0,1,1,0,0,0,0,0,50,0,0,0,3,0,0,0,0
686,1,0,0,0,1,0,0,0,41,0,0,0,0,1,0,0,1
696,0,1,0,1,0,0,0,0,34,0,0,0,4,1,0,0,1
699,1,0,0,0,1,0,0,0,59,0,0,0,0,0,0,0,0
709,1,0,1,0,0,0,0,0,35,0,0,1,8,1,0,1,1
711,0,1,1,0,0,0,0,0,24,1,0,0,6,1,0,1,1
739,1,0,1,0,0,0,0,0,26,0,0,0,2,0,0,0,0
742,1,0,0,0,1,0,0,0,33,0,0,0,0,0,0,0,0
774,1,0,1,0,0,0,0,0,26,0,0,0,1,0,0,0,0
777,1,0,0,0,1,0,0,0,39,0,0,0,4,0,0,0,0
779,0,1,1,0,0,0,0,0,35,0,0,0,12,0,0,1,0
808,1,0,0,0,1,0,0,0,27,0,1,3,6,1,0,1,1
823,1,0,1,0,0,0,0,0,42,0,0,0,14,1,0,1,1
826,0,1,0,0,1,0,0,0,26,0,0,0,1,0,0,0,0
840,1,0,1,0,0,0,0,0,27,0,0,0,0,0,0,0,0
845,1,0,1,0,0,0,0,0,24,0,0,0,0,0,0,0,0
850,1,0,1,0,0,0,0,0,21,0,2,0,3,1,1,1,1
864,1,0,0,0,0,1,0,0,24,0,0,0,8,0,0,1,0
865,0,1,0,0,1,0,0,0,23,0,0,1,3,0,0,0,0
868,0,1,1,0,0,0,0,0,37,0,0,0,0,0,0,0,0
871,1,0,0,0,1,0,0,0,42,0,0,0,0,0,0,0,0
876,1,0,0,0,1,0,0,0,34,0,0,0,0,0,0,0,0
890,1,0,0,1,0,0,0,0,30,0,0,0,0,1,0,0,1
893,1,0,0,0,0,1,0,0,31,0,0,0,0,0,0,0,0
898,1,0,1,0,0,0,0,0,28,0,0,0,4,1,0,1,1
901,1,0,1,0,0,0,0,0,27,0,0,0,0,0,0,0,0
906,0,1,0,0,1,0,0,0,24,0,0,1,0,0,0,0,0
910,1,0,1,0,0,0,0,0,26,0,0,0,1,0,0,0,0
929,1,0,0,0,1,0,0,0,24,0,0,1,2,0,0,0,0
945,1,0,1,0,0,0,0,0,26,0,0,0,6,0,0,0,0
959,1,0,1,0,0,0,0,0,20,0,1,1,4,1,0,1,1
960,1,0,0,0,1,0,0,0,26,0,0,0,3,1,0,1,1
967,1,0,1,0,0,0,0,0,27,0,2,1,18,1,0,1,1
973,0,1,0,0,1,0,0,0,57,0,0,0,0,1,0,0,1
985,1,0,0,0,0,1,0,0,31,0,0,0,1,0,0,0,0
991,1,0,1,0,0,0,0,0,23,0,0,0,4,0,0,0,0
1001,1,0,1,0,0,0,0,0,47,0,0,0,20,0,0,1,0
1004,1,0,0,0,0,1,0,0,23,0,0,0,2,1,0,1,1
1005,1,0,1,0,0,0,0,0,65,0,0,0,2,1,1,0,1
1011,1,0,1,0,0,0,0,0,36,0,0,0,1,0,0,0,0
1026,1,0,1,0,0,0,0,0,46,0,0,0,17,1,0,1,1
1027,1,0,1,0,0,0,0,0,22,0,0,1,3,0,0,0,0
1043,1,0,1,0,0,0,0,0,31,0,0,0,5,0,0,0,0
1045,1,0,1,0,0,0,0,0,20,0,0,0,0,0,0,0,0
1051,1,0,1,0,0,0,0,0,33,0,0,0,3,1,0,1,1
1055,1,0,1,0,0,0,0,0,33,0,0,0,4,1,1,1,1
1060,1,0,1,0,0,0,0,0,44,0,0,0,1,0,0,0,0
1079,1,0,1,0,0,0,0,0,37,0,0,0,5,1,1,1,1
1108,0,1,1,0,0,0,0,0,30,0,0,0,0,0,0,0,0
1109,1,0,1,0,0,0,0,0,45,0,0,0,0,1,0,0,1
1122,1,0,1,0,0,0,0,0,24,0,0,0,0,0,0,0,0
1132,0,1,0,0,1,0,0,0,53,0,0,0,0,0,0,0,0
1161,1,0,1,0,0,0,0,0,55,0,0,0,19,0,0,0,0
1169,1,0,1,0,0,0,0,0,29,0,0,0,1,0,0,0,0
1177,1,0,0,0,1,0,0,0,47,0,0,0,0,0,0,0,0
1188,1,0,1,0,0,0,0,0,23,0,0,0,0,0,0,0,0
1193,1,0,0,0,1,0,0,0,48,0,0,0,0,0,0,0,0
1195,0,1,1,0,0,0,0,0,37,0,0,0,3,0,0,0,0
1200,1,0,1,0,0,0,0,0,24,0,0,0,0,1,0,1,1
1215,1,0,0,0,0,1,0,0,83,0,0,0,0,0,0,0,0
1221,1,0,0,1,0,0,0,0,29,0,0,0,3,0,0,0,0
1233,1,0,0,0,1,0,0,0,26,0,0,0,8,0,0,0,0
1240,1,0,1,0,0,0,0,0,29,0,1,0,16,0,0,1,0
1249,1,0,0,0,1,0,0,0,22,0,0,0,0,0,0,0,0
1251,1,0,1,0,0,0,0,0,20,0,0,0,0,0,0,0,0
1257,1,0,1,0,0,0,0,0,22,0,0,1,1,1,1,1,1
1267,1,0,1,0,0,0,0,0,23,0,0,1,0,0,0,0,0
1291,1,0,0,0,0,1,0,0,58,0,0,0,1,0,0,0,0
1295,1,0,0,0,1,0,0,0,26,0,0,0,0,0,0,0,0
1312,1,0,1,0,0,0,0,0,33,0,0,0,0,0,0,0,0
1320,1,0,0,1,0,0,0,0,46,0,0,0,0,0,0,0,0
1331,1,0,1,0,0,0,0,0,23,0,3,1,6,1,0,1,1
1335,0,1,0,0,1,0,0,0,37,0,0,0,4,0,0,0,0
1348,0,1,1,0,0,0,0,0,29,0,0,0,1,0,0,0,0
1349,1,0,0,0,0,1,0,0,43,0,0,0,0,0,0,0,0
1354,1,0,0,0,0,1,0,0,27,0,0,0,1,0,0,0,0
1358,1,0,1,0,0,0,0,0,28,0,0,0,3,1,0,1,1
1367,1,0,1,0,0,0,0,0,33,0,0,0,0,1,0,0,1
1376,1,0,0,0,0,1,0,0,28,0,0,0,1,0,0,0,0
1381,1,0,0,0,1,0,0,0,42,0,0,0,0,0,0,0,0
1383,1,0,0,0,0,1,0,0,30,0,0,0,0,0,0,0,0
1387,0,1,0,0,1,0,0,0,35,0,0,0,1,0,0,0,0
1393,1,0,1,0,0,0,0,0,49,0,0,0,3,1,0,0,1
1397,1,0,1,0,0,0,0,0,63,0,0,0,3,0,0,0,0
1411,0,1,0,0,0,1,0,0,69,0,0,0,0,0,0,0,0
1418,1,0,0,0,0,1,0,0,45,0,0,0,1,0,0,0,0
1427,1,0,1,0,0,0,0,0,32,0,0,0,14,1,1,1,1
1433,1,0,1,0,0,0,0,0,21,0,0,0,1,0,0,0,0
1448,1,0,0,0,1,0,0,0,23,0,0,0,0,0,0,0,0
1467,1,0,1,0,0,0,0,0,29,0,0,1,10,1,0,1,1
1471,1,0,0,0,1,0,0,0,22,0,0,0,2,1,1,1,1
1478,1,0,0,0,1,0,0,0,37,0,0,0,0,0,0,0,0
1479,1,0,1,0,0,0,0,0,52,0,0,0,6,1,0,0,1
1484,1,0,0,0,1,0,0,0,32,0,0,0,8,1,0,1,1
1485,1,0,1,0,0,0,0,0,21,0,0,0,1,1,1,1,1
1504,1,0,0,0,0,1,0,0,55,0,0,0,6,0,0,0,0
1531,1,0,0,0,0,1,0,0,21,0,0,1,1,1,0,1,1
1535,1,0,0,0,0,1,0,0,22,0,0,0,1,1,0,1,1
1578,1,0,0,0,1,0,0,0,39,0,0,0,1,0,0,0,0
1588,1,0,1,0,0,0,0,0,35,0,0,0,1,1,0,0,1
1591,0,1,0,0,1,0,0,0,53,0,0,0,0,0,0,0,0
1593,1,0,1,0,0,0,0,0,57,0,0,0,0,0,0,0,0
1596,1,0,1,0,0,0,0,0,27,0,0,0,1,1,0,1,1
1610,1,0,1,0,0,0,0,0,21,0,0,2,4,0,0,1,0
1619,1,0,0,1,0,0,0,0,38,0,0,0,2,0,0,0,0
1623,1,0,1,0,0,0,0,0,57,0,0,0,19,0,0,0,0
1638,1,0,1,0,0,0,0,0,45,0,0,0,10,1,0,1,1
1646,1,0,0,0,0,1,0,0,47,0,0,0,0,0,0,0,0
1660,1,0,1,0,0,0,0,0,27,0,0,1,9,1,1,1,1
1666,0,1,0,0,1,0,0,0,62,0,0,0,2,1,0,0,1
1667,1,0,0,0,1,0,0,0,20,0,0,0,0,1,0,1,1
1673,1,0,0,0,1,0,0,0,29,0,0,0,7,1,1,1,1
1682,1,0,0,0,1,0,0,0,40,0,0,0,3,0,0,0,0
1684,0,1,0,0,1,0,0,0,24,0,0,0,2,0,0,0,0
1696,0,1,0,0,0,1,0,0,35,0,0,0,10,0,0,0,0
1715,1,0,1,0,0,0,0,0,43,0,0,0,9,1,1,1,1
1718,1,0,1,0,0,0,0,0,25,0,1,0,11,1,1,1,1
1725,0,1,0,0,0,1,0,0,27,0,0,0,0,1,0,0,1
1741,1,0,1,0,0,0,0,0,24,0,0,0,5,1,0,1,1
1746,1,0,0,0,1,0,0,0,25,0,0,0,1,1,0,1,1
1747,1,0,0,0,1,0,0,0,31,0,0,0,3,0,0,0,0
1755,0,1,1,0,0,0,0,0,24,0,0,0,0,0,0,0,0
1792,1,0,0,1,0,0,0,0,25,0,0,0,7,1,1,1,1
1796,1,0,1,0,0,0,0,0,21,0,0,0,0,1,0,1,1
1800,1,0,1,0,0,0,0,0,50,0,0,0,4,0,0,0,0
1801,0,1,1,0,0,0,0,0,23,0,0,0,0,0,0,0,0
1806,0,1,0,0,1,0,0,0,33,0,0,0,2,1,0,0,1
1826,1,0,0,0,1,0,0,0,47,0,0,0,2,0,0,0,0
1833,1,0,0,1,0,0,0,0,24,0,0,0,0,0,0,0,0
1855,0,1,0,0,1,0,0,0,27,0,0,0,3,0,0,0,0
1856,1,0,0,0,1,0,0,0,21,0,0,0,1,0,0,0,0
1857,1,0,1,0,0,0,0,0,29,0,0,0,0,0,0,0,0
1899,1,0,0,0,0,1,0,0,32,0,0,0,0,0,0,0,0
1906,1,0,0,0,1,0,0,0,30,0,0,0,3,0,0,0,0
1911,1,0,1,0,0,0,0,0,37,0,0,0,9,0,0,0,0
1922,1,0,1,0,0,0,0,0,31,0,0,0,0,0,0,0,0
1927,1,0,1,0,0,0,0,0,31,0,0,0,4,1,0,1,1
1929,1,0,0,0,0,1,0,0,26,0,0,0,0,1,0,0,1
1941,1,0,1,0,0,0,0,0,28,0,0,0,0,0,0,0,0
1943,1,0,1,0,0,0,0,0,24,0,0,0,0,1,0,1,1
1944,1,0,1,0,0,0,0,0,57,0,0,0,16,0,0,0,0
1957,1,0,0,0,1,0,0,0,30,0,0,0,0,0,0,0,0
1971,1,0,1,0,0,0,0,0,44,0,0,0,2,0,0,0,0
1994,1,0,0,0,1,0,0,0,29,0,0,0,7,1,1,1,1
1995,1,0,0,0,1,0,0,0,51,0,0,0,7,1,1,1,1
1997,1,0,0,0,1,0,0,0,41,0,0,0,10,0,0,0,0
2006,1,0,1,0,0,0,0,0,22,0,0,0,0,1,0,1,1
2015,0,1,0,0,0,1,0,0,57,0,0,0,2,0,0,0,0
2017,1,0,0,0,1,0,0,0,34,0,0,0,5,0,0,0,0
2019,1,0,1,0,0,0,0,0,20,2,0,0,2,1,0,1,1
2021,1,0,0,1,0,0,0,0,45,0,0,0,0,0,0,0,0
2036,1,0,1,0,0,0,0,0,32,1,2,0,17,1,0,1,1
2042,0,1,1,0,0,0,0,0,58,0,0,0,4,0,0,0,0
2044,1,0,0,1,0,0,0,0,33,0,0,0,0,0,0,0,0
2055,1,0,1,0,0,0,0,0,22,0,0,0,6,0,0,0,0
2081,1,0,1,0,0,0,0,0,21,0,0,0,1,0,0,0,0
2084,1,0,1,0,0,0,0,0,32,0,0,0,1,0,0,0,0
2090,0,1,1,0,0,0,0,0,23,0,0,0,0,0,0,0,0
2094,1,0,1,0,0,0,0,0,35,0,0,0,1,0,0,0,0
2106,0,1,1,0,0,0,0,0,47,0,0,0,5,0,0,0,0
2114,1,0,1,0,0,0,0,0,27,0,0,0,15,0,0,1,0
2117,1,0,1,0,0,0,0,0,57,0,0,0,20,0,0,1,0
2124,1,0,0,0,1,0,0,0,61,0,0,0,0,0,0,0,0
2126,1,0,0,0,1,0,0,0,23,0,0,0,5,1,0,1,1
2128,1,0,1,0,0,0,0,0,26,0,0,0,3,1,0,1,1
2136,1,0,1,0,0,0,0,0,28,0,0,0,1,0,0,0,0
2147,1,0,1,0,0,0,0,0,31,0,0,0,0,0,0,0,0
2155,1,0,0,0,1,0,0,0,57,0,0,0,15,0,0,0,0
2162,0,1,1,0,0,0,0,0,37,0,0,0,0,0,0,0,0
2179,1,0,1,0,0,0,0,0,54,0,0,0,9,0,0,0,0
2186,1,0,0,0,1,0,0,0,43,0,0,0,1,1,1,0,1
2209,1,0,0,0,0,1,0,0,28,0,0,1,3,1,0,1,1
2244,0,1,0,1,0,0,0,0,31,0,0,0,4,0,0,0,0
2260,0,1,0,1,0,0,0,0,24,0,0,0,0,0,0,0,0
2277,1,0,0,0,1,0,0,0,25,0,0,1,5,1,1,1,1
2314,1,0,1,0,0,0,0,0,56,0,0,0,3,0,0,0,0
2317,1,0,1,0,0,0,0,0,27,0,0,0,6,1,0,1,1
2331,1,0,0,0,1,0,0,0,41,0,0,0,0,0,0,0,0
2335,1,0,1,0,0,0,0,0,28,0,0,0,4,1,1,1,1
2342,0,1,1,0,0,0,0,0,29,0,0,0,11,0,0,1,0
2350,1,0,1,0,0,0,0,0,30,0,0,0,7,1,0,1,1
2371,1,0,0,0,1,0,0,0,33,0,0,0,2,0,0,0,0
2392,1,0,1,0,0,0,0,0,38,0,0,1,10,1,0,1,1
2448,1,0,1,0,0,0,0,0,21,0,0,0,0,1,0,1,1
2454,1,0,0,1,0,0,0,0,32,0,0,0,1,0,0,0,0
2458,0,1,0,1,0,0,0,0,33,0,0,0,0,0,0,0,0
2471,1,0,0,0,0,1,0,0,45,0,0,0,4,0,0,0,0
2481,1,0,0,0,1,0,0,0,35,0,0,0,2,0,0,0,0
2486,0,1,0,0,1,0,0,0,33,0,0,0,7,0,0,0,0
2490,1,0,1,0,0,0,0,0,37,0,0,0,8,1,0,1,1
2493,0,1,0,0,1,0,0,0,32,0,0,0,6,1,0,1,1
2494,0,1,1,0,0,0,0,0,23,0,0,0,2,1,0,1,1
2506,1,0,1,0,0,0,0,0,21,0,0,2,1,0,0,0,0
2508,1,0,1,0,0,0,0,0,25,0,0,0,2,0,0,0,0
2513,1,0,1,0,0,0,0,0,22,0,0,1,13,1,0,1,1
2539,0,1,1,0,0,0,0,0,25,0,0,0,4,1,1,1,1
2568,1,0,1,0,0,0,0,0,48,0,0,0,14,1,0,1,1
2584,1,0,1,0,0,0,0,0,23,0,0,0,3,0,0,0,0
2599,0,1,0,1,0,0,0,0,45,0,0,0,1,0,0,0,0
2605,1,0,0,0,0,1,0,0,45,0,0,0,1,0,0,0,0
2610,1,0,1,0,0,0,0,0,51,0,0,0,1,0,0,0,0
2616,1,0,0,0,0,1,0,0,23,0,0,0,2,0,0,0,0
2618,1,0,1,0,0,0,0,0,34,0,0,0,27,1,0,1,1
2621,1,0,0,0,1,0,0,0,31,0,0,0,1,1,1,1,1
2625,1,0,0,0,0,1,0,0,51,0,0,0,3,0,0,0,0
2627,1,0,1,0,0,0,0,0,31,0,0,0,1,0,0,0,0
2632,1,0,0,0,1,0,0,0,56,0,0,0,4,0,0,0,0
2638,1,0,0,0,1,0,0,0,23,0,0,3,0,0,0,0,0
2641,1,0,0,1,0,0,0,0,31,0,0,0,0,0,0,0,0
2648,1,0,1,0,0,0,0,0,30,0,0,0,0,0,0,0,0
2655,1,0,1,0,0,0,0,0,22,0,0,0,0,0,0,0,0
2672,1,0,1,0,0,0,0,0,30,1,0,0,5,1,1,1,1
2673,1,0,1,0,0,0,0,0,23,0,1,1,1,1,1,1,1
2682,1,0,1,0,0,0,0,0,25,0,0,0,1,0,0,0,0
2698,0,1,0,0,1,0,0,0,60,0,0,0,0,1,0,0,1
2704,1,0,1,0,0,0,0,0,29,0,0,0,0,1,0,0,1
2726,1,0,1,0,0,0,0,0,25,1,0,0,4,0,0,0,0
2738,1,0,0,1,0,0,0,0,31,0,0,0,0,0,0,0,0
2742,0,1,0,0,1,0,0,0,27,0,0,0,3,1,0,0,1
2765,0,1,1,0,0,0,0,0,26,0,0,0,0,0,0,0,0
2766,1,0,1,0,0,0,0,0,28,0,0,0,8,1,0,1,1
2798,1,0,0,0,1,0,0,0,46,0,0,0,1,0,0,0,0
2801,1,0,0,1,0,0,0,0,30,0,0,0,5,0,0,0,0
2802,1,0,0,0,1,0,0,0,43,0,0,0,0,0,0,0,0
2804,1,0,1,0,0,0,0,0,44,0,0,0,10,1,0,1,1
2806,1,0,1,0,0,0,0,0,25,0,0,0,1,0,0,0,0
2811,0,1,1,0,0,0,0,0,23,0,0,1,4,0,0,0,0
2815,1,0,0,0,0,1,0,0,55,0,0,0,6,0,0,0,0
2819,1,0,1,0,0,0,0,0,24,0,0,0,0,1,0,0,1
2836,1,0,0,1,0,0,0,0,51,0,0,0,1,1,0,0,1
2848,1,0,0,0,1,0,0,0,23,0,0,0,0,1,1,1,1
2866,0,1,0,0,1,0,0,0,61,0,0,0,2,0,0,0,0
2880,1,0,0,0,1,0,0,0,50,0,0,0,8,0,0,0,0
2884,0,1,0,0,0,1,0,0,23,0,0,1,1,0,0,0,0
2889,1,0,1,0,0,0,0,0,26,0,0,0,7,0,0,0,0
2893,1,0,1,0,0,0,0,0,27,0,0,0,4,0,0,0,0
2900,1,0,1,0,0,0,0,0,24,0,0,0,3,0,0,0,0
2912,1,0,0,0,1,0,0,0,43,0,0,0,3,0,0,0,0
2917,1,0,0,0,1,0,0,0,26,0,0,1,3,1,0,1,1
2920,0,1,0,0,1,0,0,0,47,0,0,0,0,0,0,0,0
2927,1,0,1,0,0,0,0,0,34,0,0,0,7,1,0,1,1
2981,1,0,0,0,0,1,0,0,39,0,0,0,0,0,0,0,0
2996,1,0,0,1,0,0,0,0,21,0,0,0,0,0,0,0,0
3003,1,0,1,0,0,0,0,0,42,0,0,0,1,0,0,0,0
3004,1,0,1,0,0,0,0,0,29,0,0,0,8,1,0,1,1
3016,1,0,0,0,1,0,0,0,32,0,0,1,4,0,0,0,0
3017,1,0,0,1,0,0,0,0,29,0,0,0,1,0,0,0,0
3028,0,1,0,0,1,0,0,0,53,0,0,0,0,0,0,0,0
3031,1,0,0,0,1,0,0,0,29,0,0,0,7,1,0,1,1
3033,1,0,0,1,0,0,0,0,31,0,0,0,5,1,0,1,1
3036,0,1,1,0,0,0,0,0,33,0,0,0,0,0,0,0,0
3066,0,1,1,0,0,0,0,0,25,0,0,0,1,0,0,0,0
3071,0,1,1,0,0,0,0,0,41,0,0,0,4,1,0,0,1
3096,1,0,1,0,0,0,0,0,60,0,0,0,0,1,0,0,1
3101,1,0,1,0,0,0,0,0,30,0,0,0,2,0,0,0,0
3114,1,0,0,1,0,0,0,0,41,0,0,0,2,1,0,0,1
3121,1,0,0,0,1,0,0,0,37,0,0,0,1,0,0,0,0
3127,1,0,1,0,0,0,0,0,57,0,0,0,1,0,0,0,0
3131,1,0,0,0,0,1,0,0,40,0,0,0,8,1,0,1,1
3137,1,0,0,0,1,0,0,0,48,0,0,0,2,1,1,0,1
3149,0,1,1,0,0,0,0,0,25,0,0,0,0,0,0,0,0
3153,1,0,0,0,1,0,0,0,32,0,0,0,0,0,0,0,0
3156,1,0,0,0,1,0,0,0,49,0,0,0,4,0,0,0,0
3161,1,0,0,0,0,1,0,0,36,0,0,0,0,0,0,0,0
3162,1,0,0,0,1,0,0,0,29,0,0,1,7,1,1,1,1
3169,1,0,0,0,1,0,0,0,53,0,0,0,0,0,0,0,0
3173,1,0,0,0,1,0,0,0,60,0,0,0,2,0,0,0,0
3179,0,1,0,1,0,0,0,0,45,0,0,0,0,0,0,0,0
3185,1,0,0,1,0,0,0,0,34,1,0,0,9,0,0,0,0
3189,1,0,1,0,0,0,0,0,33,0,0,0,23,1,0,1,1
3196,1,0,0,0,1,0,0,0,24,0,3,2,8,0,0,1,0
3202,0,1,1,0,0,0,0,0,38,0,0,0,0,0,0,0,0
3213,1,0,0,0,0,1,0,0,28,0,0,0,0,0,0,0,0
3217,1,0,0,0,1,0,0,0,26,0,0,0,0,0,0,0,0
3238,1,0,1,0,0,0,0,0,29,0,0,1,11,1,0,1,1
3246,1,0,0,0,1,0,0,0,30,0,0,0,0,0,0,0,0
3250,1,0,0,0,1,0,0,0,52,0,0,0,2,0,0,0,0
3266,0,1,1,0,0,0,0,0,24,0,0,0,3,0,0,0,0
3269,1,0,1,0,0,0,0,0,31,0,0,0,0,0,0,0,0
3294,0,1,0,1,0,0,0,0,20,0,0,0,0,1,0,0,1
3296,1,0,0,0,1,0,0,0,42,0,0,0,0,0,0,0,0
3315,1,0,0,0,1,0,0,0,62,0,0,0,0,0,0,0,0
3329,1,0,0,0,1,0,0,0,43,0,0,0,0,1,0,0,1
3367,0,1,0,0,1,0,0,0,24,0,0,0,0,0,0,0,0
3368,1,0,1,0,0,0,0,0,32,0,0,0,0,0,0,0,0
3375,1,0,0,0,0,1,0,0,52,0,0,0,9,1,0,0,1
3397,1,0,1,0,0,0,0,0,62,0,0,0,1,0,0,0,0
3408,0,1,0,0,1,0,0,0,19,0,0,0,0,1,0,0,1
3411,0,1,0,0,1,0,0,0,27,0,0,0,0,0,0,0,0
3429,1,0,1,0,0,0,0,0,21,0,0,0,0,1,0,1,1
3437,0,1,0,0,1,0,0,0,21,0,0,0,0,0,0,0,0
3442,1,0,1,0,0,0,0,0,29,0,0,0,11,1,0,1,1
3451,1,0,0,0,1,0,0,0,46,0,0,0,2,0,0,0,0
3454,1,0,1,0,0,0,0,0,28,0,0,0,9,1,0,1,1
3456,1,0,1,0,0,0,0,0,21,0,1,0,1,1,1,1,1
3470,1,0,1,0,0,0,0,0,23,0,0,0,1,1,0,1,1
3475,1,0,0,0,1,0,0,0,43,0,0,0,5,0,0,0,0
3488,1,0,0,0,1,0,0,0,36,0,0,0,2,0,0,0,0
3494,1,0,1,0,0,0,0,0,22,0,0,0,8,0,0,1,0
3495,1,0,1,0,0,0,0,0,34,0,0,0,1,0,0,0,0
3504,1,0,1,0,0,0,0,0,26,0,0,0,2,0,0,0,0
3540,1,0,0,0,1,0,0,0,23,0,0,0,0,1,0,0,1
3553,0,1,0,0,1,0,0,0,36,0,0,0,3,0,0,0,0
3558,1,0,0,0,0,1,0,0,36,0,0,0,3,0,0,0,0
3562,1,0,1,0,0,0,0,0,52,0,0,0,0,0,0,0,0
3564,1,0,1,0,0,0,0,0,27,0,0,1,8,1,0,1,1
3575,1,0,1,0,0,0,0,0,44,0,0,0,0,0,0,0,0
3591,1,0,0,0,0,1,0,0,27,0,0,0,2,0,0,0,0
3607,1,0,0,0,1,0,0,0,57,0,0,0,3,1,0,0,1
3608,1,0,0,1,0,0,0,0,37,0,0,0,1,0,0,0,0
3627,1,0,0,0,1,0,0,0,44,3,0,0,16,0,0,1,0
3640,1,0,1,0,0,0,0,0,24,0,0,0,7,0,0,0,0
3645,1,0,0,0,1,0,0,0,34,0,0,0,0,0,0,0,0
3647,1,0,1,0,0,0,0,0,20,0,0,0,0,0,0,0,0
3655,1,0,1,0,0,0,0,0,55,0,0,0,1,0,0,0,0
3659,1,0,0,0,1,0,0,0,66,0,0,0,1,0,0,0,0
3660,1,0,0,1,0,0,0,0,46,0,0,0,2,0,0,0,0
3663,1,0,1,0,0,0,0,0,33,0,0,0,8,1,0,1,1
3686,1,0,1,0,0,0,0,0,24,0,0,0,0,0,0,0,0
3691,1,0,0,1,0,0,0,0,19,0,0,0,0,1,1,1,1
3706,0,1,1,0,0,0,0,0,39,0,0,0,1,0,0,0,0
3724,1,0,0,0,0,1,0,0,38,0,0,0,1,0,0,0,0
3737,0,1,0,0,1,0,0,0,27,0,0,0,0,0,0,0,0
3759,0,1,1,0,0,0,0,0,31,0,0,0,14,0,0,1,0
3766,1,0,0,0,1,0,0,0,22,0,0,0,0,1,0,0,1
3777,1,0,0,0,1,0,0,0,35,0,0,0,0,0,0,0,0
3785,1,0,0,0,1,0,0,0,21,0,1,1,1,1,0,1,1
3790,1,0,0,0,1,0,0,0,29,0,0,0,1,0,0,0,0
3810,0,1,0,0,1,0,0,0,43,0,0,0,0,0,0,0,0
3812,1,0,1,0,0,0,0,0,26,0,0,0,1,1,0,0,1
3835,0,1,0,0,1,0,0,0,62,0,0,0,0,0,0,0,0
3841,1,0,0,0,1,0,0,0,56,0,0,0,1,0,0,0,0
3843,0,1,0,0,0,1,0,0,56,0,0,0,2,1,0,0,1
3851,1,0,1,0,0,0,0,0,54,0,0,0,2,0,0,0,0
3861,0,1,1,0,0,0,0,0,26,0,0,0,3,0,0,0,0
3864,1,0,0,0,1,0,0,0,61,0,0,0,0,0,0,0,0
3873,0,1,1,0,0,0,0,0,54,0,0,0,3,0,0,0,0
3896,1,0,0,0,0,1,0,0,23,0,0,0,6,1,0,1,1
3901,0,1,1,0,0,0,0,0,21,0,0,0,0,0,0,0,0
3905,0,1,1,0,0,0,0,0,35,0,0,0,2,0,0,0,0
3911,1,0,0,0,0,1,0,0,45,0,0,0,8,0,0,0,0
3923,1,0,1,0,0,0,0,0,56,0,0,0,4,0,0,0,0
3930,1,0,0,0,1,0,0,0,45,0,0,0,2,0,0,0,0
3938,1,0,0,0,1,0,0,0,33,0,0,0,3,0,0,0,0
3947,1,0,0,1,0,0,0,0,40,0,0,0,1,0,0,0,0
3952,1,0,0,0,1,0,0,0,37,0,0,0,0,0,0,0,0
3968,1,0,1,0,0,0,0,0,24,0,0,0,1,0,0,0,0
3982,1,0,1,0,0,0,0,0,44,0,0,0,0,0,0,0,0
3996,1,0,0,0,0,1,0,0,49,0,0,0,5,0,0,0,0
4009,1,0,0,0,1,0,0,0,25,0,0,0,1,0,0,0,0
4011,1,0,0,0,1,0,0,0,27,0,0,0,0,0,0,0,0
4043,1,0,0,1,0,0,0,0,21,0,0,0,1,0,0,0,0
4050,0,1,1,0,0,0,0,0,42,0,0,0,2,0,0,0,0
4052,1,0,1,0,0,0,0,0,36,0,0,0,6,0,0,0,0
4057,1,0,0,1,0,0,0,0,40,0,0,0,1,0,0,0,0
4064,0,1,0,0,1,0,0,0,33,0,0,0,2,0,0,0,0
4076,1,0,1,0,0,0,0,0,33,0,0,0,6,0,0,0,0
4078,1,0,0,0,0,1,0,0,47,0,0,0,0,1,0,0,1
4081,1,0,0,0,1,0,0,0,27,0,0,0,1,0,0,0,0
4086,1,0,1,0,0,0,0,0,26,0,0,0,13,1,0,1,1
4097,1,0,0,0,0,1,0,0,35,0,0,0,1,0,0,0,0
4109,0,1,1,0,0,0,0,0,41,0,0,0,4,0,0,0,0
4114,1,0,0,0,0,1,0,0,44,0,0,0,0,0,0,0,0
4118,1,0,0,0,1,0,0,0,27,0,0,0,6,1,0,1,1
4157,1,0,1,0,0,0,0,0,22,0,0,0,0,1,0,0,1
4164,0,1,0,0,1,0,0,0,40,0,0,0,4,1,0,0,1
4169,1,0,0,0,1,0,0,0,35,0,0,0,2,1,0,0,1
4178,1,0,0,0,1,0,0,0,27,0,0,0,0,0,0,0,0
4183,1,0,0,0,1,0,0,0,59,0,0,0,0,0,0,0,0
4224,1,0,1,0,0,0,0,0,49,0,0,0,0,0,0,0,0
4227,1,0,0,0,0,1,0,0,32,0,0,0,0,1,0,0,1
4248,1,0,0,0,0,1,0,0,33,0,0,0,8,1,0,1,1
4252,1,0,0,0,1,0,0,0,47,0,0,0,2,0,0,0,0
4275,1,0,0,0,1,0,0,0,53,0,0,0,1,0,0,0,0
4278,0,1,0,0,1,0,0,0,45,0,0,0,4,0,0,0,0
4283,0,1,1,0,0,0,0,0,24,0,0,0,2,1,1,1,1
4290,1,0,1,0,0,0,0,0,29,0,0,0,1,0,0,0,0
4305,1,0,0,0,0,1,0,0,38,0,0,0,0,0,0,0,0
4319,1,0,0,0,1,0,0,0,56,0,0,0,2,0,0,0,0
4338,1,0,1,0,0,0,0,0,50,1,0,0,5,0,0,0,0
4339,1,0,0,0,0,1,0,0,41,0,0,0,19,1,1,1,1
4393,1,0,1,0,0,0,0,0,21,0,0,0,0,1,0,0,1
4405,1,0,1,0,0,0,0,0,35,0,0,0,23,0,0,1,0
4427,1,0,0,0,1,0,0,0,24,0,0,0,6,0,0,0,0
4434,1,0,0,0,1,0,0,0,26,0,0,0,9,1,1,1,1
4435,0,1,0,1,0,0,0,0,48,0,0,0,0,0,0,0,0
4456,1,0,0,1,0,0,0,0,29,0,0,0,0,0,0,0,0
4462,0,1,1,0,0,0,0,0,26,0,0,0,1,0,0,0,0
4463,0,1,0,0,1,0,0,0,45,0,1,0,7,1,0,0,1
4465,1,0,0,1,0,0,0,0,40,0,0,0,0,0,0,0,0
4496,1,0,1,0,0,0,0,0,24,0,0,0,0,0,0,0,0
4498,1,0,0,0,1,0,0,0,26,0,0,0,10,1,0,1,1
4523,1,0,0,0,0,1,0,0,48,0,0,0,0,0,0,0,0
4548,1,0,0,0,1,0,0,0,22,0,0,0,2,0,0,0,0
4557,1,0,0,0,1,0,0,0,33,0,0,0,3,0,0,0,0
4571,1,0,1,0,0,0,0,0,21,0,0,0,0,0,0,0,0
4574,1,0,0,0,1,0,0,0,31,0,0,0,9,1,1,1,1
4587,1,0,0,0,1,0,0,0,36,0,0,0,0,1,0,0,1
4592,1,0,1,0,0,0,0,0,21,0,0,1,0,1,0,1,1
4601,1,0,0,0,1,0,0,0,40,0,0,0,7,0,0,0,0
4603,1,0,1,0,0,0,0,0,39,0,0,0,2,1,0,0,1
4615,0,1,1,0,0,0,0,0,24,0,0,0,2,0,0,0,0
4624,1,0,1,0,0,0,0,0,32,0,0,0,2,1,1,1,1
4635,1,0,1,0,0,0,0,0,28,0,0,0,0,0,0,0,0
4640,1,0,1,0,0,0,0,0,25,0,1,1,10,1,0,1,1
4653,1,0,1,0,0,0,0,0,26,0,0,0,11,0,0,1,0
4658,1,0,1,0,0,0,0,0,34,0,0,0,5,0,0,0,0
4665,0,1,1,0,0,0,0,0,21,0,0,0,0,0,0,0,0
4681,1,0,1,0,0,0,0,0,21,0,0,0,1,1,0,1,1
4684,1,0,0,0,1,0,0,0,35,0,0,0,0,1,0,0,1
4735,1,0,1,0,0,0,0,0,23,0,0,0,0,0,0,0,0
4740,1,0,1,0,0,0,0,0,55,0,0,0,0,0,0,0,0
4745,0,1,0,0,1,0,0,0,31,0,0,0,3,0,0,0,0
4765,1,0,0,0,1,0,0,0,45,0,0,0,3,0,0,0,0
4772,1,0,1,0,0,0,0,0,24,0,0,0,0,0,0,0,0
4774,1,0,0,0,1,0,0,0,61,0,0,0,0,0,0,0,0
4777,1,0,0,1,0,0,0,0,29,0,0,0,0,0,0,0,0
4783,1,0,0,0,1,0,0,0,31,0,0,0,1,1,0,0,1
4810,1,0,1,0,0,0,0,0,69,0,0,0,0,0,0,0,0
4815,0,1,1,0,0,0,0,0,35,0,0,0,2,0,0,0,0
4845,1,0,1,0,0,0,0,0,26,0,0,0,2,1,1,1,1
4877,1,0,0,0,1,0,0,0,22,0,0,0,2,1,0,1,1
4880,0,1,0,0,1,0,0,0,27,0,0,0,3,0,0,0,0
4887,1,0,0,0,1,0,0,0,29,0,0,0,6,1,1,1,1
4910,1,0,0,0,1,0,0,0,24,0,0,0,0,1,0,0,1
4913,1,0,1,0,0,0,0,0,31,0,0,0,1,0,0,0,0
4914,1,0,1,0,0,0,0,0,23,0,1,0,7,1,1,1,1
4915,0,1,1,0,0,0,0,0,22,0,0,0,1,0,0,0,0
4924,1,0,0,0,1,0,0,0,47,0,0,0,0,0,0,0,0
4936,0,1,1,0,0,0,0,0,26,0,0,0,3,1,0,0,1
4975,0,1,0,0,1,0,0,0,52,0,0,0,0,0,0,0,0
4985,0,1,1,0,0,0,0,0,20,0,0,0,1,0,0,0,0
4987,1,0,0,1,0,0,0,0,23,0,0,0,0,0,0,0,0
4992,1,0,1,0,0,0,0,0,42,0,0,0,9,1,0,0,1
4996,1,0,0,0,1,0,0,0,27,0,0,0,1,0,0,0,0
5021,1,0,0,0,1,0,0,0,38,3,0,0,11,0,0,0,0
5028,1,0,0,0,1,0,0,0,53,0,0,0,2,0,0,0,0
5029,0,1,0,0,1,0,0,0,22,0,0,0,0,0,0,0,0
5031,1,0,0,0,1,0,0,0,21,0,0,0,0,0,0,0,0
5036,1,0,1,0,0,0,0,0,21,0,0,11,2,0,0,1,0
5038,1,0,1,0,0,0,0,0,34,0,0,0,3,0,0,0,0
5051,1,0,0,0,1,0,0,0,30,0,1,1,3,0,0,0,0
5081,1,0,0,0,1,0,0,0,45,0,0,0,4,0,0,0,0
5086,1,0,0,0,1,0,0,0,46,0,0,0,0,1,1,0,1
5095,1,0,1,0,0,0,0,0,26,0,0,0,3,0,0,0,0
5096,0,1,1,0,0,0,0,0,38,0,0,0,0,0,0,0,0
5103,1,0,0,0,0,1,0,0,30,0,0,0,7,0,0,0,0
5115,0,1,0,0,1,0,0,0,46,0,0,0,0,0,0,0,0
5117,1,0,1,0,0,0,0,0,20,0,1,0,2,1,0,1,1
5123,1,0,1,0,0,0,0,0,31,0,0,0,3,1,1,1,1
5140,1,0,1,0,0,0,0,0,25,0,0,0,0,1,0,0,1
5157,1,0,1,0,0,0,0,0,22,0,0,0,1,0,0,0,0
5162,0,1,0,0,1,0,0,0,41,0,0,0,0,0,0,0,0
5165,1,0,0,0,0,1,0,0,22,0,0,0,1,0,0,0,0
5169,1,0,0,0,1,0,0,0,25,0,0,0,4,0,0,0,0
5175,1,0,0,0,1,0,0,0,57,0,0,0,0,0,0,0,0
5187,1,0,0,0,1,0,0,0,71,0,0,0,13,0,0,0,0
5191,1,0,0,1,0,0,0,0,23,0,0,0,0,1,0,0,1
5196,1,0,0,0,0,1,0,0,33,0,0,0,1,0,0,0,0
5200,1,0,1,0,0,0,0,0,31,0,0,0,0,0,0,0,0
5205,1,0,0,0,1,0,0,0,24,0,0,0,8,1,0,1,1
5218,1,0,0,0,1,0,0,0,46,0,0,0,2,0,0,0,0
5230,1,0,0,0,0,1,0,0,21,0,0,0,0,0,0,0,0
5238,1,0,1,0,0,0,0,0,27,0,0,0,0,0,0,0,0
5242,0,1,0,0,0,1,0,0,34,0,0,0,1,0,0,0,0
5253,1,0,0,0,1,0,0,0,33,0,0,0,3,1,0,0,1
5271,0,1,0,0,1,0,0,0,28,0,0,0,0,1,0,0,1
5278,1,0,0,0,1,0,0,0,21,0,0,0,0,1,0,0,1
5283,1,0,1,0,0,0,0,0,36,0,1,0,7,0,0,0,0
5289,1,0,1,0,0,0,0,0,28,0,0,0,7,1,0,1,1
5294,1,0,1,0,0,0,0,0,44,0,0,0,7,0,0,0,0
5303,1,0,1,0,0,0,0,0,54,0,0,0,26,0,0,1,0
5316,1,0,1,0,0,0,0,0,26,0,0,0,1,1,0,0,1
5325,0,1,1,0,0,0,0,0,28,0,0,0,0,0,0,0,0
5327,1,0,0,0,1,0,0,0,32,0,0,0,1,1,0,0,1
5328,0,1,0,0,1,0,0,0,43,0,0,0,1,0,0,0,0
5338,1,0,0,0,1,0,0,0,48,0,0,0,0,0,0,0,0
5344,1,0,0,0,1,0,0,0,32,0,0,0,0,0,0,0,0
5347,1,0,1,0,0,0,0,0,42,0,0,0,5,0,0,0,0
5357,0,1,0,0,1,0,0,0,30,0,0,0,5,0,0,0,0
5358,1,0,1,0,0,0,0,0,26,0,0,0,0,1,0,0,1
5394,1,0,0,0,1,0,0,0,56,0,0,0,3,0,0,0,0
5395,1,0,1,0,0,0,0,0,27,0,0,0,2,1,0,0,1
5406,1,0,0,0,0,1,0,0,31,0,0,0,2,0,0,0,0
5410,0,1,0,1,0,0,0,0,39,0,0,0,0,0,0,0,0
5414,1,0,1,0,0,0,0,0,28,0,0,0,9,0,0,0,0
5428,1,0,0,0,1,0,0,0,25,0,0,0,5,1,0,1,1
5445,1,0,1,0,0,0,0,0,34,0,2,0,9,1,1,1,1
5450,1,0,0,0,1,0,0,0,55,0,0,0,2,0,0,0,0
5468,1,0,1,0,0,0,0,0,22,0,0,0,0,0,0,0,0
5482,1,0,0,1,0,0,0,0,30,0,0,0,5,1,0,0,1
5490,1,0,0,1,0,0,0,0,28,0,0,0,10,0,0,0,0
5505,1,0,1,0,0,0,0,0,60,0,0,0,0,0,0,0,0
5510,1,0,0,0,0,1,0,0,41,0,0,0,0,0,0,0,0
5515,1,0,1,0,0,0,0,0,45,0,0,0,1,0,0,0,0
5520,1,0,0,0,1,0,0,0,50,0,0,0,1,0,0,0,0
5535,1,0,0,0,1,0,0,0,21,0,0,1,1,1,0,1,1
5547,1,0,1,0,0,0,0,0,42,0,0,0,19,0,0,1,0
5557,1,0,1,0,0,0,0,0,51,0,0,0,0,1,0,0,1
5564,1,0,1,0,0,0,0,0,35,0,0,0,5,1,1,1,1
5579,1,0,1,0,0,0,0,0,43,0,0,0,5,0,0,0,0
5585,1,0,1,0,0,0,0,0,43,0,0,0,4,1,0,0,1
5592,1,0,0,0,1,0,0,0,39,0,0,0,9,1,0,0,1
5614,1,0,1,0,0,0,0,0,33,0,0,0,2,1,1,1,1
5620,1,0,1,0,0,0,0,0,25,0,0,2,11,1,0,1,1
5623,1,0,0,0,1,0,0,0,32,0,0,0,0,1,0,0,1
5631,1,0,0,0,0,1,0,0,36,0,0,0,1,0,0,0,0
5634,1,0,0,0,1,0,0,0,39,0,0,0,0,0,0,0,0
5637,1,0,0,1,0,0,0,0,60,0,0,0,1,0,0,0,0
5646,1,0,1,0,0,0,0,0,23,0,0,0,6,1,1,1,1
5647,0,1,1,0,0,0,0,0,42,0,0,0,0,1,0,0,1
5670,1,0,0,0,1,0,0,0,18,5,0,0,4,1,0,1,1
5692,1,0,0,0,1,0,0,0,40,0,0,0,0,1,0,0,1
5697,0,1,1,0,0,0,0,0,22,0,0,0,0,0,0,0,0
5703,1,0,0,0,0,1,0,0,49,0,0,0,0,0,0,0,0
5715,1,0,1,0,0,0,0,0,23,0,0,0,0,0,0,0,0
5738,1,0,1,0,0,0,0,0,51,0,0,0,3,0,0,0,0
5755,1,0,0,0,1,0,0,0,56,0,0,0,2,0,0,0,0
5765,1,0,1,0,0,0,0,0,51,1,0,1,19,0,0,0,0
5784,1,0,0,0,1,0,0,0,35,0,0,0,3,1,1,0,1
5785,1,0,1,0,0,0,0,0,33,0,0,0,0,0,0,0,0
5821,1,0,0,0,1,0,0,0,31,0,0,0,3,0,0,0,0
5822,0,1,0,0,1,0,0,0,37,0,0,0,0,0,0,0,0
5828,1,0,1,0,0,0,0,0,39,0,0,0,7,1,1,1,1
5833,1,0,0,0,1,0,0,0,47,0,0,0,3,0,0,0,0
5839,1,0,1,0,0,0,0,0,35,0,0,0,7,0,0,0,0
5841,1,0,0,0,1,0,0,0,27,0,0,0,1,0,0,0,0
5844,1,0,1,0,0,0,0,0,26,0,0,1,3,0,0,0,0
5849,1,0,1,0,0,0,0,0,29,0,0,0,0,0,0,0,0
5866,1,0,0,1,0,0,0,0,22,0,0,1,2,0,0,0,0
5871,1,0,0,0,1,0,0,0,54,0,0,0,2,0,0,0,0
5873,1,0,1,0,0,0,0,0,33,0,0,0,14,1,1,1,1
5876,1,0,0,0,1,0,0,0,37,0,0,0,2,0,0,0,0
5900,1,0,0,0,1,0,0,0,32,0,0,0,4,0,0,0,0
5904,1,0,1,0,0,0,0,0,26,0,0,0,4,1,0,0,1
5909,1,0,0,0,1,0,0,0,42,0,0,0,4,0,0,0,0
5910,1,0,1,0,0,0,0,0,56,0,0,0,18,0,0,0,0
5913,1,0,0,0,1,0,0,0,52,0,0,0,4,0,0,0,0
5925,1,0,0,0,1,0,0,0,63,0,0,0,0,0,0,0,0
5939,1,0,0,0,1,0,0,0,45,0,0,0,2,0,0,0,0
5960,1,0,0,0,1,0,0,0,55,0,0,0,0,0,0,0,0
5993,1,0,0,0,1,0,0,0,51,0,0,0,1,0,0,0,0
6004,1,0,0,1,0,0,0,0,30,0,0,0,0,0,0,0,0
6012,1,0,1,0,0,0,0,0,31,0,0,0,1,0,0,0,0
6016,1,0,1,0,0,0,0,0,21,0,0,0,0,0,0,0,0
6023,1,0,0,1,0,0,0,0,54,0,0,0,0,0,0,0,0
6031,1,0,0,1,0,0,0,0,34,0,0,0,4,0,0,0,0
6036,1,0,0,1,0,0,0,0,21,0,0,0,0,0,0,0,0
6042,1,0,0,0,1,0,0,0,37,0,0,0,4,1,0,0,1
6048,1,0,1,0,0,0,0,0,31,0,0,0,6,0,0,0,0
6051,1,0,1,0,0,0,0,0,23,0,0,2,1,0,0,0,0
6052,1,0,1,0,0,0,0,0,30,0,0,0,23,0,0,1,0
6059,0,1,0,0,1,0,0,0,50,0,0,0,5,0,0,0,0
6060,1,0,1,0,0,0,0,0,25,0,2,0,5,0,0,0,0
6092,1,0,1,0,0,0,0,0,33,0,0,0,1,0,0,0,0
6101,1,0,0,0,1,0,0,0,27,0,0,0,0,0,0,0,0
6110,0,1,0,0,1,0,0,0,23,0,0,0,0,0,0,0,0
6112,1,0,1,0,0,0,0,0,34,0,0,0,0,1,0,0,1
6120,1,0,1,0,0,0,0,0,27,0,0,0,0,0,0,0,0
6125,1,0,1,0,0,0,0,0,32,0,0,0,7,0,0,0,0
6128,0,1,0,0,0,1,0,0,21,0,0,0,0,0,0,0,0
6133,1,0,0,0,1,0,0,0,49,0,0,0,0,0,0,0,0
6137,1,0,0,0,1,0,0,0,52,0,0,0,0,0,0,0,0
6138,0,1,0,0,1,0,0,0,55,0,0,0,0,0,0,0,0
6150,1,0,0,0,1,0,0,0,33,0,0,0,0,0,0,0,0
6160,1,0,1,0,0,0,0,0,29,0,0,0,6,1,0,1,1
6189,0,1,0,0,1,0,0,0,46,0,0,0,1,1,1,0,1
6195,0,1,0,0,1,0,0,0,24,0,1,0,3,1,0,0,1
6208,1,0,1,0,0,0,0,0,25,0,0,0,1,0,0,0,0
6222,1,0,0,1,0,0,0,0,23,0,0,0,0,1,0,0,1
6244,1,0,0,0,0,1,0,0,28,0,0,0,3,1,0,0,1
6259,1,0,0,0,1,0,0,0,45,0,0,0,1,0,0,0,0
6274,1,0,0,0,0,1,0,0,28,0,0,0,16,1,0,1,1
6286,1,0,1,0,0,0,0,0,24,0,0,0,7,1,0,1,1
6287,1,0,0,0,1,0,0,0,32,0,0,0,0,0,0,0,0
6293,0,1,1,0,0,0,0,0,44,0,0,0,0,0,0,0,0
6300,1,0,1,0,0,0,0,0,35,0,0,0,1,0,0,0,0
6304,1,0,1,0,0,0,0,0,27,0,0,0,9,1,0,1,1
6319,1,0,1,0,0,0,0,0,23,0,0,0,2,1,0,0,1
6345,1,0,1,0,0,0,0,0,20,0,0,0,0,0,0,0,0
6357,1,0,0,0,1,0,0,0,54,0,0,0,13,0,0,0,0
6372,1,0,1,0,0,0,0,0,26,0,0,0,4,1,1,1,1
6380,1,0,1,0,0,0,0,0,28,0,0,0,3,0,0,0,0
6382,1,0,1,0,0,0,0,0,28,0,0,0,2,1,0,0,1
6396,1,0,0,0,1,0,0,0,54,0,0,0,6,0,0,0,0
6400,1,0,1,0,0,0,0,0,30,0,0,0,0,1,0,0,1
6441,1,0,1,0,0,0,0,0,36,0,0,0,4,0,0,0,0
6458,0,1,0,0,0,1,0,0,36,0,0,0,0,0,0,0,0
6483,1,0,0,0,1,0,0,0,56,0,0,0,13,0,0,0,0
6511,1,0,1,0,0,0,0,0,29,0,0,0,1,1,0,0,1
6534,0,1,1,0,0,0,0,0,33,0,0,0,5,0,0,0,0
6546,1,0,0,0,0,1,0,0,28,0,0,0,2,0,0,0,0
6549,1,0,1,0,0,0,0,0,52,0,0,0,0,1,0,0,1
6556,0,1,1,0,0,0,0,0,24,0,0,0,1,0,0,0,0
6573,1,0,0,1,0,0,0,0,25,0,0,0,0,1,1,0,1
6579,1,0,1,0,0,0,0,0,19,0,0,0,0,0,0,0,0
6584,1,0,0,0,1,0,0,0,30,0,0,1,1,0,0,0,0
6669,1,0,1,0,0,0,0,0,39,0,0,0,35,0,0,1,0
6682,1,0,0,0,1,0,0,0,27,0,0,0,5,0,0,0,0
6683,0,1,1,0,0,0,0,0,24,0,0,0,3,1,0,0,1
6688,1,0,0,0,1,0,0,0,42,0,0,0,0,0,0,0,0
6699,0,1,0,0,1,0,0,0,35,0,0,0,4,0,0,0,0
6725,1,0,0,0,0,1,0,0,24,0,0,1,2,0,0,0,0
6735,0,1,0,0,0,1,0,0,51,0,0,0,0,0,0,0,0
6760,1,0,1,0,0,0,0,0,33,0,0,0,2,0,0,0,0
6762,1,0,0,0,1,0,0,0,20,0,0,0,0,1,0,0,1
6769,0,1,0,0,1,0,0,0,40,0,0,0,0,0,0,0,0
6806,0,1,0,0,1,0,0,0,41,0,0,0,11,0,0,0,0
6807,1,0,1,0,0,0,0,0,31,0,0,0,6,1,0,0,1
6809,1,0,1,0,0,0,0,0,29,0,0,0,0,0,0,0,0
6829,1,0,1,0,0,0,0,0,49,0,0,0,0,1,0,0,1
6831,0,1,0,0,1,0,0,0,34,0,0,0,9,1,0,0,1
6846,1,0,1,0,0,0,0,0,22,0,0,0,0,1,0,0,1
6865,1,0,0,0,1,0,0,0,59,0,0,0,4,0,0,0,0
6868,1,0,1,0,0,0,0,0,38,0,0,0,1,0,0,0,0
6878,1,0,0,0,1,0,0,0,47,0,0,0,1,1,0,0,1
6883,0,1,0,0,1,0,0,0,54,0,0,0,1,0,0,0,0
6891,0,1,0,0,1,0,0,0,43,0,0,0,1,0,0,0,0
6907,1,0,1,0,0,0,0,0,29,0,0,0,0,0,0,0,0
6932,1,0,0,0,1,0,0,0,22,0,0,0,3,1,0,0,1
6959,1,0,0,0,0,1,0,0,28,0,0,0,0,0,0,0,0
6960,0,1,1,0,0,0,0,0,31,0,0,0,0,0,0,0,0
6969,1,0,0,1,0,0,0,0,50,0,0,0,3,0,0,0,0
6970,1,0,0,0,1,0,0,0,23,0,0,0,1,0,0,0,0
6981,1,0,0,0,1,0,0,0,39,0,0,0,0,1,0,0,1
6995,1,0,1,0,0,0,0,0,55,0,0,0,18,0,0,0,0
6997,1,0,1,0,0,0,0,0,25,0,0,0,2,1,0,0,1
7004,1,0,0,0,1,0,0,0,24,0,0,2,2,0,0,0,0
7015,1,0,0,0,1,0,0,0,23,0,0,0,0,0,0,0,0
7016,0,1,1,0,0,0,0,0,22,0,0,0,4,0,0,0,0
7022,1,0,1,0,0,0,0,0,25,0,0,0,0,1,0,0,1
7029,1,0,1,0,0,0,0,0,33,0,0,0,16,1,1,1,1
7037,1,0,1,0,0,0,0,0,26,0,1,0,6,1,1,1,1
7039,0,1,0,0,1,0,0,0,36,0,0,0,3,1,0,0,1
7046,0,1,1,0,0,0,0,0,27,0,0,0,0,0,0,0,0
7054,1,0,0,0,1,0,0,0,51,0,0,0,0,0,0,0,0
7066,1,0,1,0,0,0,0,0,30,0,1,2,12,0,0,1,0
7075,1,0,1,0,0,0,0,0,26,0,0,0,0,0,0,0,0
7118,1,0,1,0,0,0,0,0,55,0,0,0,9,0,0,0,0
7133,1,0,1,0,0,0,0,0,27,0,0,0,9,0,0,0,0
7140,0,1,1,0,0,0,0,0,42,0,0,0,0,1,0,0,1
7143,1,0,1,0,0,0,0,0,57,0,0,0,1,0,0,0,0
7145,1,0,1,0,0,0,0,0,29,0,0,0,1,1,1,0,1
7171,1,0,0,0,1,0,0,0,39,0,0,0,2,0,0,0,0
7180,1,0,0,0,0,1,0,0,37,0,0,0,4,0,0,0,0
7195,1,0,1,0,0,0,0,0,23,0,0,0,1,0,0,0,0
7216,1,0,1,0,0,0,0,0,32,0,1,3,7,1,1,1,1
7220,1,0,0,0,1,0,0,0,43,0,1,0,4,0,0,0,0
7228,1,0,0,0,1,0,0,0,30,3,0,0,4,1,0,0,1
7230,1,0,1,0,0,0,0,0,44,0,0,0,4,0,0,0,0
7231,1,0,1,0,0,0,0,0,37,0,0,0,3,0,0,0,0
7237,1,0,0,0,1,0,0,0,40,0,0,0,3,0,0,0,0
7245,1,0,1,0,0,0,0,0,25,0,0,0,5,1,1,1,1
7247,0,1,1,0,0,0,0,0,24,0,0,0,2,1,0,0,1
7274,1,0,1,0,0,0,0,0,31,0,0,0,0,0,0,0,0
7278,0,1,1,0,0,0,0,0,22,0,0,0,5,1,0,1,1
7353,0,1,1,0,0,0,0,0,37,0,0,0,5,0,0,0,0
7357,0,1,0,0,1,0,0,0,34,0,0,0,0,0,0,0,0
7362,0,1,1,0,0,0,0,0,24,0,0,1,11,1,0,1,1
7365,1,0,0,0,1,0,0,0,28,0,0,0,3,0,0,0,0
7367,0,1,1,0,0,0,0,0,46,0,0,0,10,0,0,0,0
7374,1,0,0,0,1,0,0,0,25,0,0,0,1,0,0,0,0
7408,1,0,1,0,0,0,0,0,63,0,0,0,8,0,0,0,0
7411,1,0,1,0,0,0,0,0,30,0,0,0,5,1,0,0,1
7420,1,0,0,0,1,0,0,0,29,0,0,0,0,1,1,0,1
7427,1,0,1,0,0,0,0,0,27,0,0,0,8,1,0,1,1
7444,1,0,1,0,0,0,0,0,24,0,0,0,1,1,0,0,1
7449,1,0,1,0,0,0,0,0,36,0,0,0,13,1,0,1,1
7464,1,0,1,0,0,0,0,0,23,0,1,2,2,1,0,1,1
7469,1,0,1,0,0,0,0,0,31,0,0,0,4,1,0,0,1
7472,1,0,0,0,1,0,0,0,80,0,0,0,0,0,0,0,0
7500,0,1,1,0,0,0,0,0,25,0,0,0,1,0,0,0,0
7503,1,0,1,0,0,0,0,0,25,0,0,0,1,0,0,0,0
7533,1,0,0,0,0,1,0,0,43,0,0,0,1,0,0,0,0
7536,1,0,0,0,1,0,0,0,39,0,0,0,1,0,0,0,0
7545,1,0,0,0,1,0,0,0,24,0,0,2,3,0,0,0,0
7553,0,1,0,1,0,0,0,0,20,0,0,0,0,0,0,0,0
7562,1,0,1,0,0,0,0,0,26,0,0,0,1,0,0,0,0
7563,0,1,0,0,1,0,0,0,33,0,0,0,1,0,0,0,0
7568,0,1,1,0,0,0,0,0,20,0,3,0,3,1,0,1,1
7578,0,1,1,0,0,0,0,0,43,0,0,0,2,0,0,0,0
7580,0,1,0,0,1,0,0,0,51,0,0,0,2,1,0,0,1
7589,1,0,1,0,0,0,0,0,26,0,0,0,2,1,0,0,1
7590,1,0,1,0,0,0,0,0,51,0,0,0,33,0,0,1,0
7597,1,0,0,1,0,0,0,0,31,0,0,0,0,0,0,0,0
7626,0,1,0,0,1,0,0,0,21,0,0,1,1,0,0,0,0
7634,1,0,1,0,0,0,0,0,36,0,0,0,0,0,0,0,0
7636,0,1,1,0,0,0,0,0,38,0,0,0,0,0,0,0,0
7638,1,0,0,0,0,1,0,0,34,0,0,0,2,1,0,0,1
7643,0,1,1,0,0,0,0,0,23,0,0,0,1,0,0,0,0
7647,1,0,1,0,0,0,0,0,68,0,0,0,2,0,0,0,0
7650,1,0,0,0,1,0,0,0,41,0,0,0,1,1,1,0,1
7657,1,0,0,0,0,1,0,0,39,0,0,0,2,0,0,0,0
7674,1,0,1,0,0,0,0,0,24,0,0,0,0,1,1,1,1
7682,0,1,1,0,0,0,0,0,26,0,0,0,1,0,0,0,0
7684,0,1,1,0,0,0,0,0,26,0,0,0,6,0,0,0,0
7693,1,0,1,0,0,0,0,0,20,0,0,1,2,1,1,1,1
7698,1,0,1,0,0,0,0,0,34,0,0,4,11,1,1,1,1
7709,1,0,1,0,0,0,0,0,52,0,0,0,5,0,0,0,0
7717,1,0,1,0,0,0,0,0,34,2,0,1,8,1,0,0,1
7720,1,0,1,0,0,0,0,0,55,0,0,0,0,1,1,0,1
7723,1,0,0,0,0,1,0,0,24,0,0,0,0,0,0,0,0
7733,1,0,1,0,0,0,0,0,30,0,0,0,3,1,0,0,1
7735,0,1,0,0,1,0,0,0,51,0,0,0,1,0,0,0,0
7753,1,0,1,0,0,0,0,0,54,0,0,0,1,0,0,0,0
7779,1,0,0,0,1,0,0,0,37,0,0,0,0,0,0,0,0
7800,0,1,1,0,0,0,0,0,56,0,0,0,2,0,0,0,0
7811,1,0,0,0,1,0,0,0,43,0,0,0,1,0,0,0,0
7820,1,0,1,0,0,0,0,0,30,0,0,0,4,1,1,1,1
7821,1,0,0,0,1,0,0,0,30,0,0,0,1,0,0,0,0
7827,0,1,1,0,0,0,0,0,50,0,0,0,2,0,0,0,0
7830,0,1,1,0,0,0,0,0,31,0,0,0,2,1,0,0,1
7834,1,0,1,0,0,0,0,0,33,0,0,0,1,0,0,0,0
7842,1,0,1,0,0,0,0,0,51,0,0,0,4,0,0,0,0
7859,1,0,0,1,0,0,0,0,29,0,0,0,8,1,1,1,1
7864,0,1,1,0,0,0,0,0,40,0,0,0,2,0,0,0,0
7872,1,0,1,0,0,0,0,0,29,0,0,0,17,0,0,1,0
7879,1,0,0,1,0,0,0,0,36,0,0,0,0,0,0,0,0
7888,1,0,0,0,1,0,0,0,22,0,0,0,2,0,0,0,0
7898,1,0,1,0,0,0,0,0,35,0,0,0,2,0,0,0,0
7901,1,0,0,0,1,0,0,0,25,0,0,0,6,1,1,1,1
7923,1,0,0,0,1,0,0,0,68,0,0,0,7,1,1,0,1
7925,1,0,1,0,0,0,0,0,23,0,0,0,3,0,0,0,0
7944,1,0,0,0,1,0,0,0,36,0,0,0,2,0,0,0,0
7963,1,0,0,0,0,1,0,0,33,0,0,0,0,0,0,0,0
7978,1,0,0,0,1,0,0,0,31,0,0,0,0,0,0,0,0
7979,1,0,0,0,1,0,0,0,45,0,0,0,21,1,0,1,1
7981,1,0,0,0,1,0,0,0,37,1,6,0,13,0,0,0,0
7992,1,0,0,0,1,0,0,0,55,0,0,0,18,1,0,0,1
7994,1,0,0,0,0,1,0,0,37,0,0,0,8,1,0,0,1
7998,1,0,0,0,1,0,0,0,56,0,0,0,2,0,0,0,0
8008,1,0,1,0,0,0,0,0,27,0,0,0,1,0,0,0,0
8019,0,1,0,0,1,0,0,0,49,0,0,0,0,0,0,0,0
8025,1,0,1,0,0,0,0,0,65,0,0,0,6,0,0,0,0
8055,1,0,0,0,1,0,0,0,49,0,0,0,2,0,0,0,0
8056,1,0,1,0,0,0,0,0,36,0,0,0,1,0,0,0,0
8059,1,0,0,0,1,0,0,0,58,0,0,0,10,1,0,0,1
8068,1,0,0,0,1,0,0,0,32,0,0,0,6,0,0,0,0
8071,1,0,0,0,1,0,0,0,56,0,0,0,13,0,0,0,0
8083,1,0,1,0,0,0,0,0,34,0,0,0,12,0,0,0,0
8090,1,0,0,0,1,0,0,0,37,0,0,0,1,1,0,0,1
8091,1,0,1,0,0,0,0,0,43,0,0,0,0,1,0,0,1
8106,1,0,1,0,0,0,0,0,69,0,0,0,1,1,0,0,1
8107,0,1,0,0,1,0,0,0,49,0,0,0,1,0,0,0,0
8119,1,0,1,0,0,0,0,0,27,0,0,0,2,1,0,0,1
8124,0,1,0,0,1,0,0,0,36,0,0,0,4,1,0,0,1
8152,1,0,0,0,0,1,0,0,25,0,0,0,2,0,0,0,0
8169,1,0,1,0,0,0,0,0,25,0,0,0,0,0,0,0,0
8189,1,0,0,0,1,0,0,0,48,0,0,0,0,0,0,0,0
8195,1,0,1,0,0,0,0,0,37,0,0,0,17,0,0,0,0
8196,1,0,0,0,1,0,0,0,51,0,0,0,8,1,0,0,1
8204,1,0,1,0,0,0,0,0,45,1,0,0,16,0,0,0,0
8205,1,0,0,0,1,0,0,0,41,0,0,0,0,1,0,0,1
8220,1,0,0,0,0,1,0,0,33,0,0,0,3,0,0,0,0
8224,1,0,0,0,0,1,0,0,32,0,0,0,1,0,0,0,0
8235,1,0,1,0,0,0,0,0,24,0,0,0,5,1,0,0,1
8240,0,1,1,0,0,0,0,0,36,0,0,0,1,0,0,0,0
8242,1,0,0,0,0,1,0,0,39,0,0,0,0,0,0,0,0
8246,1,0,1,0,0,0,0,0,24,0,0,0,3,0,0,0,0
8256,1,0,1,0,0,0,0,0,29,0,0,0,11,1,0,1,1
8265,1,0,1,0,0,0,0,0,44,0,0,0,0,0,0,0,0
8310,1,0,0,0,1,0,0,0,22,0,0,4,3,0,0,0,0
8341,1,0,0,0,1,0,0,0,47,0,0,0,1,0,0,0,0
8343,1,0,0,0,0,1,0,0,30,0,0,0,7,1,1,1,1
8378,1,0,0,0,1,0,0,0,64,0,0,0,8,1,0,0,1
8379,1,0,0,1,0,0,0,0,76,0,0,0,0,0,0,0,0
8401,1,0,0,0,1,0,0,0,39,0,0,0,16,1,0,1,1
8406,1,0,0,0,1,0,0,0,30,0,0,0,5,1,0,0,1
8413,1,0,1,0,0,0,0,0,25,0,0,0,3,1,0,0,1
8422,0,1,0,0,1,0,0,0,31,0,0,1,2,1,0,0,1
8436,1,0,0,1,0,0,0,0,21,0,0,0,0,1,0,0,1
8439,1,0,0,0,0,1,0,0,30,0,0,0,3,0,0,0,0
8440,1,0,0,0,1,0,0,0,40,0,0,0,6,0,0,0,0
8441,1,0,0,0,1,0,0,0,34,0,0,0,2,0,0,0,0
8442,1,0,0,1,0,0,0,0,39,0,0,0,2,0,0,0,0
8447,1,0,0,1,0,0,0,0,30,0,0,0,13,1,1,1,1
8459,1,0,0,0,1,0,0,0,45,0,0,0,7,0,0,0,0
8464,0,1,0,0,1,0,0,0,39,0,0,0,0,0,0,0,0
8467,1,0,1,0,0,0,0,0,28,0,0,0,6,1,0,0,1
8469,1,0,1,0,0,0,0,0,29,0,1,1,4,1,0,0,1
8476,1,0,0,0,1,0,0,0,52,0,0,0,2,0,0,0,0
8478,1,0,0,0,1,0,0,0,34,0,1,0,15,0,0,0,0
8492,1,0,1,0,0,0,0,0,26,0,0,0,7,1,0,1,1
8503,1,0,1,0,0,0,0,0,30,0,0,0,1,0,0,0,0
8513,1,0,0,0,1,0,0,0,46,0,0,0,1,0,0,0,0
8514,0,1,0,0,1,0,0,0,46,0,0,0,1,1,1,0,1
8516,1,0,0,1,0,0,0,0,57,0,0,0,0,0,0,0,0
8530,1,0,0,0,0,1,0,0,45,0,0,0,0,0,0,0,0
8535,1,0,1,0,0,0,0,0,58,0,0,0,0,1,0,0,1
8539,1,0,1,0,0,0,0,0,24,0,0,0,5,0,0,0,0
8545,0,1,0,0,0,1,0,0,26,0,0,0,0,0,0,0,0
8582,1,0,0,0,1,0,0,0,47,0,0,0,0,0,0,0,0
8603,1,0,1,0,0,0,0,0,38,0,0,0,2,0,0,0,0
8605,1,0,1,0,0,0,0,0,35,0,0,0,6,0,0,0,0
8609,1,0,1,0,0,0,0,0,25,0,0,0,2,0,0,0,0
8620,0,1,1,0,0,0,0,0,32,0,1,0,13,0,0,0,0
8627,1,0,1,0,0,0,0,0,31,0,0,0,0,0,0,0,0
8635,1,0,1,0,0,0,0,0,52,0,0,0,0,0,0,0,0
8641,1,0,0,0,1,0,0,0,77,0,0,0,1,0,0,0,0
8649,1,0,0,0,1,0,0,0,34,0,0,0,3,1,0,0,1
8651,1,0,1,0,0,0,0,0,25,0,0,2,6,1,0,1,1
8670,0,1,0,0,1,0,0,0,31,0,0,0,2,0,0,0,0
8675,1,0,0,0,1,0,0,0,40,0,0,0,5,0,0,0,0
8689,1,0,0,0,1,0,0,0,41,0,0,0,1,0,0,0,0
8690,1,0,1,0,0,0,0,0,23,0,0,0,0,0,0,0,0
8744,1,0,1,0,0,0,0,0,22,0,0,0,2,1,0,0,1
8745,0,1,0,0,1,0,0,0,26,0,0,0,1,1,0,0,1
8755,1,0,0,0,0,1,0,0,36,0,0,0,0,1,0,0,1
8766,1,0,0,0,1,0,0,0,62,0,0,0,2,0,0,0,0
8770,1,0,0,1,0,0,0,0,34,0,0,0,0,0,0,0,0
8775,1,0,1,0,0,0,0,0,41,0,0,0,7,0,0,0,0
8791,0,1,0,0,1,0,0,0,29,0,0,0,0,0,0,0,0
8804,1,0,0,0,0,1,0,0,23,0,0,0,0,0,0,0,0
8809,0,1,0,0,0,1,0,0,22,0,0,0,1,1,0,0,1
8811,0,1,1,0,0,0,0,0,34,0,0,0,1,0,0,0,0
8812,1,0,0,0,0,1,0,0,32,0,0,0,3,0,0,0,0
8825,1,0,1,0,0,0,0,0,44,0,0,0,0,0,0,0,0
8837,1,0,0,0,1,0,0,0,20,0,0,0,6,0,0,0,0
8854,1,0,1,0,0,0,0,0,35,0,0,0,4,0,0,0,0
8857,1,0,0,0,1,0,0,0,27,0,0,0,0,0,0,0,0
8859,0,1,1,0,0,0,0,0,29,0,0,0,0,1,1,0,1
8861,1,0,1,0,0,0,0,0,31,0,0,0,0,0,0,0,0
8867,1,0,0,0,1,0,0,0,24,0,0,2,6,0,0,0,0
8868,0,1,1,0,0,0,0,0,27,0,0,0,0,0,0,0,0
8881,1,0,1,0,0,0,0,0,40,0,0,0,0,1,1,0,1
8889,1,0,0,0,1,0,0,0,36,0,0,0,1,0,0,0,0
8893,1,0,1,0,0,0,0,0,36,0,0,0,0,0,0,0,0
8897,1,0,1,0,0,0,0,0,32,0,0,0,0,0,0,0,0
8902,1,0,0,1,0,0,0,0,23,0,0,0,0,1,0,0,1
8903,1,0,1,0,0,0,0,0,33,0,0,0,1,0,0,0,0
8915,1,0,1,0,0,0,0,0,36,0,0,0,10,0,0,0,0
8924,1,0,1,0,0,0,0,0,27,0,0,0,1,1,1,0,1
8930,1,0,1,0,0,0,0,0,32,0,1,0,13,1,0,1,1
8940,1,0,0,1,0,0,0,0,58,0,0,0,0,0,0,0,0
8948,1,0,0,1,0,0,0,0,26,0,0,0,0,0,0,0,0
8963,1,0,1,0,0,0,0,0,28,0,0,0,0,0,0,0,0
8975,1,0,0,0,1,0,0,0,28,0,0,0,5,0,0,0,0
8987,0,1,1,0,0,0,0,0,39,0,0,0,0,0,0,0,0
8990,1,0,0,1,0,0,0,0,37,0,0,0,0,0,0,0,0
8993,1,0,1,0,0,0,0,0,27,0,0,0,3,0,0,0,0
8996,1,0,1,0,0,0,0,0,22,0,0,0,1,0,0,0,0
9001,1,0,0,0,1,0,0,0,19,0,0,0,0,0,0,0,0
9017,1,0,0,0,0,1,0,0,20,0,2,1,2,1,0,0,1
9025,1,0,1,0,0,0,0,0,21,0,0,0,6,0,0,0,0
9026,1,0,0,0,1,0,0,0,35,0,0,0,1,0,0,0,0
9028,1,0,1,0,0,0,0,0,43,0,0,0,2,0,0,0,0
9046,1,0,0,0,1,0,0,0,34,0,0,0,1,0,0,0,0
9064,1,0,1,0,0,0,0,0,30,0,0,0,7,1,0,0,1
9078,0,1,1,0,0,0,0,0,22,0,0,0,1,0,0,0,0
9082,1,0,1,0,0,0,0,0,36,0,0,1,16,0,0,0,0
9097,1,0,1,0,0,0,0,0,24,0,0,0,6,1,0,0,1
9121,0,1,1,0,0,0,0,0,34,0,2,0,7,0,0,0,0
9135,0,1,0,0,0,1,0,0,32,0,0,0,1,0,0,0,0
9137,1,0,1,0,0,0,0,0,26,0,0,0,1,0,0,0,0
9145,1,0,1,0,0,0,0,0,23,0,1,2,1,1,0,0,1
9174,0,1,0,0,1,0,0,0,20,0,0,0,0,1,0,0,1
9176,1,0,0,0,1,0,0,0,30,0,0,0,1,1,0,0,1
9196,1,0,0,0,1,0,0,0,35,0,0,0,0,1,0,0,1
9200,1,0,0,1,0,0,0,0,39,0,0,0,1,0,0,0,0
9201,1,0,1,0,0,0,0,0,24,0,0,1,1,1,0,0,1
9209,1,0,1,0,0,0,0,0,25,0,0,0,2,1,0,0,1
9211,1,0,1,0,0,0,0,0,22,0,0,0,5,0,0,0,0
9218,1,0,1,0,0,0,0,0,31,4,0,0,13,0,0,0,0
9220,1,0,0,0,1,0,0,0,29,0,0,0,0,0,0,0,0
9231,1,0,0,0,1,0,0,0,35,0,0,2,3,0,0,0,0
9268,1,0,0,0,1,0,0,0,28,0,0,0,1,1,0,0,1
9276,1,0,0,0,1,0,0,0,56,0,0,0,0,0,0,0,0
9291,1,0,0,0,0,1,0,0,21,0,0,0,0,0,0,0,0
9298,1,0,0,0,0,1,0,0,37,0,0,0,3,0,0,0,0
9313,1,0,0,0,1,0,0,0,30,0,0,0,1,0,0,0,0
9317,1,0,1,0,0,0,0,0,48,0,0,0,2,0,0,0,0
9325,1,0,0,0,0,1,0,0,50,0,0,0,3,1,0,0,1
9335,1,0,1,0,0,0,0,0,61,0,0,0,8,1,0,0,1
9344,1,0,1,0,0,0,0,0,48,0,0,0,5,1,0,0,1
9350,1,0,0,0,1,0,0,0,34,0,0,0,4,0,0,0,0
9352,1,0,0,0,1,0,0,0,20,0,4,0,4,0,0,0,0
9359,1,0,0,0,1,0,0,0,36,0,0,0,3,0,0,0,0
9387,1,0,0,0,1,0,0,0,29,0,0,0,1,0,0,0,0
9415,1,0,0,0,1,0,0,0,57,0,0,0,7,1,0,0,1
9416,1,0,1,0,0,0,0,0,26,0,0,0,1,1,0,0,1
9429,1,0,0,0,0,1,0,0,22,0,0,0,2,1,0,0,1
9451,1,0,1,0,0,0,0,0,28,0,0,0,4,1,0,0,1
9454,1,0,0,0,1,0,0,0,36,0,0,0,0,0,0,0,0
9456,1,0,1,0,0,0,0,0,21,0,0,0,0,0,0,0,0
9466,1,0,1,0,0,0,0,0,48,0,0,0,1,0,0,0,0
9470,1,0,1,0,0,0,0,0,25,0,0,0,4,0,0,0,0
9476,0,1,1,0,0,0,0,0,30,0,0,0,3,0,0,0,0
9484,0,1,0,0,1,0,0,0,41,0,0,0,1,0,0,0,0
9510,1,0,0,0,1,0,0,0,45,0,0,0,0,0,0,0,0
9516,1,0,1,0,0,0,0,0,32,0,3,0,7,1,0,0,1
9517,0,1,0,0,1,0,0,0,57,0,0,0,2,0,0,0,0
9520,1,0,0,0,0,1,0,0,53,0,0,0,3,0,0,0,0
9526,0,1,0,0,1,0,0,0,21,0,0,0,1,1,0,0,1
9529,1,0,1,0,0,0,0,0,35,0,0,0,6,1,1,0,1
9549,1,0,1,0,0,0,0,0,27,0,1,2,12,0,0,0,0
9552,1,0,0,0,0,1,0,0,27,0,0,0,1,1,0,0,1
9569,1,0,0,0,1,0,0,0,30,0,0,0,0,0,0,0,0
9570,1,0,1,0,0,0,0,0,22,0,0,2,0,1,0,0,1
9578,1,0,1,0,0,0,0,0,26,0,0,0,5,0,0,0,0
9606,0,1,0,0,1,0,0,0,26,0,0,0,3,1,0,0,1
9612,1,0,0,0,1,0,0,0,44,0,0,0,1,1,0,0,1
9624,1,0,1,0,0,0,0,0,39,0,0,0,0,0,0,0,0
9650,1,0,1,0,0,0,0,0,30,0,0,0,7,0,0,0,0
9665,1,0,0,0,1,0,0,0,21,0,0,0,1,0,0,0,0
9673,1,0,1,0,0,0,0,0,49,0,0,0,14,0,0,0,0
9678,1,0,0,0,1,0,0,0,44,0,0,0,1,0,0,0,0
9680,0,1,1,0,0,0,0,0,44,0,0,0,1,0,0,0,0
9700,1,0,1,0,0,0,0,0,31,0,0,0,9,0,0,0,0
9707,0,1,0,1,0,0,0,0,36,0,1,0,6,1,0,0,1
9711,1,0,0,0,1,0,0,0,30,0,0,1,2,0,0,0,0
9722,1,0,0,0,1,0,0,0,24,0,0,0,1,1,0,0,1
9726,1,0,0,0,1,0,0,0,36,0,0,0,1,0,0,0,0
9750,1,0,1,0,0,0,0,0,24,0,0,1,0,0,0,0,0
9757,1,0,1,0,0,0,0,0,21,0,0,0,0,0,0,0,0
9774,1,0,0,0,1,0,0,0,46,0,0,0,0,1,0,0,1
9777,1,0,1,0,0,0,0,0,38,0,0,0,0,1,0,0,1
9790,1,0,1,0,0,0,0,0,27,0,0,0,2,1,0,0,1
9794,0,1,0,0,0,1,0,0,20,0,0,0,0,0,0,0,0
9815,0,1,1,0,0,0,0,0,33,0,0,0,2,1,0,0,1
9823,1,0,1,0,0,0,0,0,53,0,0,0,20,0,0,0,0
9827,1,0,0,0,1,0,0,0,27,0,0,0,0,0,0,0,0
9845,1,0,1,0,0,0,0,0,46,0,0,0,0,1,0,0,1
9854,1,0,1,0,0,0,0,0,54,0,0,0,4,1,0,0,1
9880,0,1,0,0,1,0,0,0,46,0,0,0,0,0,0,0,0
9897,1,0,0,0,1,0,0,0,53,0,0,0,0,0,0,0,0
9902,0,1,1,0,0,0,0,0,32,0,0,0,0,1,1,0,1
9907,1,0,1,0,0,0,0,0,52,0,0,0,7,1,1,0,1
9921,1,0,1,0,0,0,0,0,27,0,0,0,1,0,0,0,0
9922,0,1,1,0,0,0,0,0,26,0,1,0,4,0,0,0,0
9924,1,0,0,0,1,0,0,0,29,0,0,0,0,1,0,0,1
9934,1,0,1,0,0,0,0,0,28,0,0,0,5,1,0,0,1
9940,0,1,1,0,0,0,0,0,30,0,0,0,15,1,0,1,1
9949,1,0,0,0,0,1,0,0,56,0,0,0,2,0,0,0,0
9966,1,0,1,0,0,0,0,0,54,0,0,0,12,1,1,0,1
9970,1,0,1,0,0,0,0,0,34,3,1,0,13,1,0,0,1
9980,0,1,1,0,0,0,0,0,41,0,0,0,2,1,0,0,1
9981,1,0,1,0,0,0,0,0,21,0,0,0,1,1,0,0,1
10003,1,0,1,0,0,0,0,0,57,0,0,0,8,0,0,0,0
10018,0,1,1,0,0,0,0,0,24,0,0,0,0,0,0,0,0
10027,0,1,1,0,0,0,0,0,46,0,0,0,4,0,0,0,0
10059,0,1,1,0,0,0,0,0,43,0,0,0,6,0,0,0,0
10060,0,1,0,0,1,0,0,0,25,0,0,0,0,0,0,0,0
10063,1,0,1,0,0,0,0,0,40,0,1,0,10,0,0,0,0
10069,0,1,0,0,1,0,0,0,36,0,0,0,0,0,0,0,0
10079,0,1,0,0,0,1,0,0,31,0,0,0,2,1,0,0,1
10081,1,0,1,0,0,0,0,0,24,0,0,1,7,1,0,0,1
10082,1,0,0,0,1,0,0,0,52,0,0,0,0,0,0,0,0
10097,1,0,1,0,0,0,0,0,25,0,0,0,3,1,0,0,1
10106,1,0,1,0,0,0,0,0,47,0,0,0,15,0,0,0,0
10109,1,0,0,0,0,1,0,0,28,0,0,0,1,0,0,0,0
10119,1,0,1,0,0,0,0,0,22,0,0,0,2,1,0,0,1
10121,1,0,1,0,0,0,0,0,25,0,0,0,7,1,0,0,1
10128,1,0,1,0,0,0,0,0,19,0,0,0,0,0,0,0,0
10132,1,0,0,0,1,0,0,0,31,0,0,0,2,1,0,0,1
10136,1,0,1,0,0,0,0,0,34,0,0,0,2,1,0,0,1
10162,1,0,1,0,0,0,0,0,25,0,0,0,3,0,0,0,0
10185,1,0,1,0,0,0,0,0,28,0,0,0,0,0,0,0,0
10193,1,0,1,0,0,0,0,0,21,0,0,0,1,0,0,0,0
10194,1,0,1,0,0,0,0,0,23,1,0,0,5,1,1,0,1
10196,1,0,0,0,1,0,0,0,25,0,0,0,4,0,0,0,0
10219,0,1,0,0,1,0,0,0,20,0,0,0,0,1,0,0,1
10221,1,0,1,0,0,0,0,0,26,0,0,1,5,0,0,0,0
10237,1,0,0,0,1,0,0,0,21,0,0,0,0,1,0,0,1
10242,1,0,0,0,1,0,0,0,31,0,0,0,3,0,0,0,0
10244,1,0,0,1,0,0,0,0,47,0,0,0,5,1,0,0,1
10252,1,0,1,0,0,0,0,0,24,0,0,0,0,0,0,0,0
10264,1,0,1,0,0,0,0,0,39,0,0,0,1,0,0,0,0
10279,0,1,1,0,0,0,0,0,44,0,0,0,1,0,0,0,0
10306,1,0,0,0,1,0,0,0,49,0,0,0,2,1,0,0,1
10324,0,1,1,0,0,0,0,0,24,0,0,0,1,1,0,0,1
10327,1,0,0,0,1,0,0,0,23,0,0,0,0,0,0,0,0
10335,0,1,0,1,0,0,0,0,45,0,0,0,1,0,0,0,0
10338,0,1,0,0,1,0,0,0,34,0,0,1,0,1,0,0,1
10339,1,0,1,0,0,0,0,0,23,0,0,0,1,1,1,0,1
10347,0,1,1,0,0,0,0,0,24,0,0,0,0,0,0,0,0
10351,0,1,1,0,0,0,0,0,25,0,0,0,0,1,0,0,1
10360,1,0,0,0,1,0,0,0,29,0,0,0,0,0,0,0,0
10369,1,0,0,0,0,1,0,0,29,0,0,0,1,0,0,0,0
10372,1,0,0,0,1,0,0,0,35,0,0,0,0,1,0,0,1
10381,0,1,1,0,0,0,0,0,24,0,0,0,1,1,1,0,1
10401,0,1,0,0,1,0,0,0,47,0,0,0,0,0,0,0,0
10406,1,0,1,0,0,0,0,0,43,0,0,0,2,0,0,0,0
10411,1,0,1,0,0,0,0,0,63,0,0,0,16,0,0,0,0
10431,1,0,0,0,1,0,0,0,41,0,0,0,3,0,0,0,0
10434,1,0,0,0,1,0,0,0,47,0,0,0,2,0,0,0,0
10449,0,1,1,0,0,0,0,0,51,0,0,0,3,0,0,0,0
10454,1,0,1,0,0,0,0,0,34,0,0,0,12,1,0,0,1
10457,1,0,1,0,0,0,0,0,28,0,0,0,9,1,0,0,1
10467,1,0,0,0,1,0,0,0,45,0,0,0,2,0,0,0,0
10475,1,0,0,0,1,0,0,0,31,0,0,0,0,0,0,0,0
10481,1,0,1,0,0,0,0,0,35,0,0,0,3,0,0,0,0
10487,1,0,0,0,1,0,0,0,58,0,0,0,12,1,0,0,1
10489,0,1,0,0,1,0,0,0,22,0,0,0,1,0,0,0,0
10501,0,1,1,0,0,0,0,0,32,0,0,0,0,0,0,0,0
10502,1,0,0,0,1,0,0,0,31,0,0,0,0,0,0,0,0
10510,1,0,0,0,1,0,0,0,39,0,0,0,1,0,0,0,0
10511,1,0,1,0,0,0,0,0,29,0,0,0,8,1,1,0,1
10523,1,0,0,1,0,0,0,0,29,0,0,0,4,1,1,0,1
10542,1,0,0,0,1,0,0,0,26,0,0,0,4,1,0,0,1
10544,1,0,0,0,1,0,0,0,67,0,0,0,0,0,0,0,0
10550,1,0,0,0,1,0,0,0,28,0,0,0,0,0,0,0,0
10568,1,0,0,0,1,0,0,0,34,0,0,0,11,0,0,0,0
10584,1,0,0,0,1,0,0,0,25,0,0,0,2,1,0,0,1
10587,1,0,0,1,0,0,0,0,29,0,0,1,5,0,0,0,0
10596,1,0,0,1,0,0,0,0,22,0,0,1,3,0,0,0,0
10600,1,0,1,0,0,0,0,0,38,1,4,0,25,0,0,0,0
10601,0,1,0,0,1,0,0,0,36,0,0,0,3,0,0,0,0
10604,0,1,0,0,1,0,0,0,22,0,0,0,2,1,1,0,1
10606,1,0,0,0,1,0,0,0,25,0,0,0,0,0,0,0,0
10611,1,0,0,0,1,0,0,0,54,0,0,0,1,1,0,0,1
10616,1,0,1,0,0,0,0,0,28,0,0,0,0,0,0,0,0
10619,1,0,1,0,0,0,0,0,22,0,0,0,0,1,1,0,1
10663,1,0,1,0,0,0,0,0,50,0,0,0,2,0,0,0,0
10665,1,0,1,0,0,0,0,0,60,0,0,0,13,1,0,0,1
10685,0,1,1,0,0,0,0,0,28,0,0,0,1,0,0,0,0
10713,0,1,0,0,0,1,0,0,24,0,0,0,1,0,0,0,0
10714,0,1,0,0,1,0,0,0,55,0,0,0,0,0,0,0,0
10720,1,0,1,0,0,0,0,0,22,0,0,0,1,1,1,0,1
10736,1,0,1,0,0,0,0,0,24,0,0,0,11,1,0,0,1
10738,1,0,0,0,0,1,0,0,33,0,0,0,0,0,0,0,0
10748,1,0,0,0,1,0,0,0,44,0,0,0,1,0,0,0,0
10761,1,0,1,0,0,0,0,0,24,0,0,0,4,1,0,0,1
10771,1,0,1,0,0,0,0,0,22,0,0,0,0,0,0,0,0
10772,1,0,1,0,0,0,0,0,27,0,0,0,0,0,0,0,0
10774,1,0,1,0,0,0,0,0,47,0,0,0,7,1,1,0,1
10783,1,0,0,0,1,0,0,0,66,0,0,0,0,0,0,0,0
10784,1,0,0,0,1,0,0,0,39,0,0,0,0,0,0,0,0
10785,0,1,0,0,1,0,0,0,26,0,0,0,0,0,0,0,0
10792,1,0,1,0,0,0,0,0,25,0,0,0,1,0,0,0,0
10800,1,0,0,0,1,0,0,0,22,0,0,0,1,0,0,0,0
10802,1,0,1,0,0,0,0,0,34,0,0,0,0,0,0,0,0
10813,1,0,1,0,0,0,0,0,27,0,0,0,4,0,0,0,0
10827,1,0,0,0,1,0,0,0,40,0,0,0,0,0,0,0,0
10836,1,0,1,0,0,0,0,0,25,0,0,0,3,1,0,0,1
10840,1,0,0,0,1,0,0,0,59,0,0,0,1,0,0,0,0
10841,1,0,1,0,0,0,0,0,27,0,0,0,0,1,0,0,1
10855,1,0,1,0,0,0,0,0,56,0,0,0,31,1,0,0,1
10867,1,0,1,0,0,0,0,0,32,0,0,0,2,0,0,0,0
10900,1,0,1,0,0,0,0,0,23,0,0,1,0,0,0,0,0
10921,1,0,1,0,0,0,0,0,26,0,0,0,2,0,0,0,0
10927,1,0,1,0,0,0,0,0,21,0,0,0,1,0,0,0,0
10931,1,0,0,0,0,1,0,0,28,0,0,0,1,0,0,0,0
10937,1,0,0,0,1,0,0,0,19,0,0,0,0,0,0,0,0
10939,0,1,0,0,1,0,0,0,54,0,0,0,1,0,0,0,0
10941,1,0,0,0,1,0,0,0,28,0,0,0,0,1,1,0,1
10962,0,1,0,0,1,0,0,0,36,0,0,0,4,1,0,0,1
10967,1,0,1,0,0,0,0,0,34,0,0,0,3,1,0,0,1
10994,1,0,1,0,0,0,0,0,30,0,0,0,0,1,0,0,1
10997,1,0,1,0,0,0,0,0,23,0,0,0,0,0,0,0,0
10999,1,0,0,1,0,0,0,0,57,0,0,0,0,0,0,0,0
11003,1,0,1,0,0,0,0,0,52,0,0,0,1,1,0,0,1
11016,0,1,0,0,1,0,0,0,38,0,0,0,0,0,0,0,0
11042,0,1,1,0,0,0,0,0,31,0,0,0,1,0,0,0,0
11043,1,0,1,0,0,0,0,0,25,0,0,0,10,1,1,0,1
11052,1,0,0,0,0,1,0,0,21,1,0,0,1,1,0,0,1
11053,1,0,1,0,0,0,0,0,21,0,0,0,0,1,0,0,1
11069,1,0,0,0,1,0,0,0,30,0,0,0,1,0,0,0,0
11091,0,1,1,0,0,0,0,0,26,0,0,0,2,0,0,0,0
11115,0,1,1,0,0,0,0,0,22,0,0,1,1,0,0,0,0
11131,0,1,1,0,0,0,0,0,36,0,0,0,5,1,1,0,1
11165,1,0,1,0,0,0,0,0,21,0,0,0,0,0,0,0,0
11177,1,0,0,0,1,0,0,0,27,0,0,0,5,1,0,0,1
11188,1,0,1,0,0,0,0,0,30,1,2,0,8,0,0,0,0
11201,0,1,0,0,1,0,0,0,38,0,0,0,2,0,0,0,0
11207,1,0,1,0,0,0,0,0,86,0,0,0,4,1,0,0,1
11237,1,0,0,0,1,0,0,0,42,0,0,0,1,0,0,0,0
11257,1,0,0,0,1,0,0,0,51,0,0,0,1,0,0,0,0
11263,0,1,0,0,0,1,0,0,26,0,0,0,2,1,0,0,1
11268,1,0,0,0,1,0,0,0,25,0,0,0,2,0,0,0,0
11295,1,0,1,0,0,0,0,0,25,0,0,0,3,1,0,0,1
11296,1,0,1,0,0,0,0,0,25,1,0,0,9,1,1,0,1
11297,1,0,0,0,1,0,0,0,39,0,0,0,0,0,0,0,0
11313,1,0,0,0,1,0,0,0,51,0,0,0,0,0,0,0,0
11317,0,1,0,1,0,0,0,0,47,0,0,0,0,0,0,0,0
11330,1,0,0,0,1,0,0,0,58,0,0,0,0,0,0,0,0
11332,0,1,0,0,1,0,0,0,53,0,0,0,0,0,0,0,0
11333,1,0,1,0,0,0,0,0,38,0,0,0,5,0,0,0,0
11386,1,0,0,0,1,0,0,0,26,0,0,0,5,1,0,0,1
11395,1,0,1,0,0,0,0,0,20,0,0,0,0,1,0,0,1
11421,1,0,0,0,1,0,0,0,22,0,0,0,0,0,0,0,0
11440,1,0,0,0,1,0,0,0,53,0,0,0,5,0,0,0,0
11445,0,1,1,0,0,0,0,0,28,0,0,0,4,1,0,0,1
11449,1,0,1,0,0,0,0,0,42,0,0,0,0,0,0,0,0
11454,1,0,0,0,1,0,0,0,56,0,0,0,8,0,0,0,0
11477,1,0,0,0,0,1,0,0,27,0,0,0,0,0,0,0,0
11479,1,0,0,0,1,0,0,0,28,0,0,0,0,0,0,0,0
11480,0,1,0,0,1,0,0,0,34,0,0,0,1,0,0,0,0
11490,0,1,0,0,1,0,0,0,39,0,0,0,0,0,0,0,0
11510,1,0,0,0,1,0,0,0,28,0,0,0,4,0,0,0,0
11516,1,0,1,0,0,0,0,0,26,0,0,0,0,0,0,0,0
11528,1,0,0,0,1,0,0,0,29,0,1,0,1,0,0,0,0
11539,1,0,0,0,0,1,0,0,53,0,0,0,1,0,0,0,0
11544,1,0,0,1,0,0,0,0,31,0,0,0,11,0,0,0,0
11557,1,0,0,0,1,0,0,0,25,0,0,0,0,0,0,0,0
11561,1,0,1,0,0,0,0,0,58,0,0,0,6,1,0,0,1
11596,1,0,1,0,0,0,0,0,21,0,0,0,0,1,0,0,1
11604,1,0,1,0,0,0,0,0,36,0,0,0,4,1,1,0,1
11613,0,1,1,0,0,0,0,0,25,0,0,0,2,1,1,0,1
11618,1,0,0,0,0,1,0,0,30,0,0,0,0,0,0,0,0
11623,1,0,1,0,0,0,0,0,26,0,0,0,0,0,0,0,0
11628,1,0,0,1,0,0,0,0,45,0,0,0,0,0,0,0,0
11637,0,1,0,0,1,0,0,0,38,0,0,0,0,0,0,0,0
11661,1,0,0,0,1,0,0,0,35,0,0,0,1,0,0,0,0
11688,1,0,1,0,0,0,0,0,33,0,0,0,5,0,0,0,0
11702,1,0,0,1,0,0,0,0,24,0,0,0,1,0,0,0,0
11704,1,0,0,0,1,0,0,0,60,0,0,0,8,0,0,0,0
11716,1,0,1,0,0,0,0,0,50,0,0,0,2,0,0,0,0
11729,1,0,0,0,1,0,0,0,55,0,0,0,6,0,0,0,0
11734,1,0,1,0,0,0,0,0,38,2,0,0,21,1,0,0,1
11740,0,1,0,1,0,0,0,0,54,0,0,0,0,0,0,0,0
11754,1,0,0,0,1,0,0,0,22,0,3,5,3,1,0,0,1