person_id,age,juv_fel_count,juv_misd_count,juv_other_count,decile_score,priors_count,num_r_cases
7,44,0,0,0,1,0,0
18,41,0,0,0,4,0,0
27,27,0,0,0,2,0,1
41,30,0,0,0,9,9,1
47,32,0,0,0,10,15,0
59,29,0,0,0,2,2,1
70,29,0,0,0,4,0,0
76,33,0,0,0,9,1,0
79,31,0,0,1,5,15,1
111,40,0,0,0,2,2,0
114,22,0,0,0,8,0,0
116,27,0,0,0,7,1,1
122,30,0,0,0,10,8,2
128,25,1,6,1,10,14,5
133,54,0,0,0,6,6,0
137,36,0,0,0,7,9,1
144,34,0,0,0,3,3,0
152,24,0,0,0,2,1,0
158,31,0,0,0,5,0,0
164,21,1,0,1,9,2,0
170,27,0,0,0,9,3,0
180,31,0,0,0,7,1,0
184,27,0,0,0,9,3,3
204,37,0,0,0,8,13,0
217,28,0,0,0,10,15,0
221,42,0,0,0,1,2,0
232,26,0,0,0,6,0,0
250,41,0,0,0,10,5,0
278,23,0,0,0,2,0,1
295,38,0,0,0,10,14,0
302,35,0,1,0,9,23,3
317,28,0,0,0,9,1,0
322,45,0,0,0,6,3,0
332,30,0,0,0,7,2,0
335,37,0,0,0,1,0,1
359,32,0,1,0,9,14,0
377,24,0,0,0,7,1,1
380,47,0,0,0,1,0,0
390,27,0,0,0,4,4,0
393,37,0,0,0,1,2,0
397,46,1,0,0,8,5,0
423,37,0,0,0,1,3,0
428,46,0,0,0,4,3,0
433,34,0,0,0,8,0,0
437,23,0,0,0,5,0,1
455,57,0,0,0,1,6,0
468,27,0,0,0,2,0,0
480,20,0,0,0,9,0,1
488,36,0,0,0,1,0,0
489,28,0,0,0,3,2,1
515,37,0,0,0,2,4,0
516,32,0,1,0,9,12,1
517,23,0,0,1,6,1,0
535,28,0,0,0,2,0,0
554,29,0,0,0,8,2,0
584,35,0,0,0,5,2,0
585,36,0,0,0,7,8,0
587,60,0,0,0,1,1,0
605,26,0,0,2,7,6,0
607,65,0,0,0,1,0,0
617,60,0,0,0,1,4,0
626,47,0,0,0,1,1,0
628,25,0,0,0,2,0,2
636,22,0,0,0,5,2,0
674,24,0,0,0,2,1,1
676,34,0,0,0,6,9,0
678,50,0,0,0,2,3,0
686,41,0,0,0,1,0,1
696,34,0,0,0,7,4,3
699,59,0,0,0,1,0,0
709,35,0,0,1,7,8,1
711,24,1,0,0,9,6,2
739,26,0,0,0,9,2,0
742,33,0,0,0,9,0,0
774,26,0,0,0,7,1,0
777,39,0,0,0,1,4,0
779,35,0,0,0,2,12,0
808,27,0,1,3,4,6,1
823,42,0,0,0,7,14,1
826,26,0,0,0,2,1,0
840,27,0,0,0,5,0,0
845,24,0,0,0,3,0,0
850,21,0,2,0,5,3,3
864,24,0,0,0,8,8,0
865,23,0,0,1,8,3,0
868,37,0,0,0,1,0,0
871,42,0,0,0,1,0,0
876,34,0,0,0,1,0,0
890,30,0,0,0,6,0,1
893,31,0,0,0,1,0,0
898,28,0,0,0,8,4,7
901,27,0,0,0,2,0,0
906,24,0,0,1,5,0,0
910,26,0,0,0,4,1,0
929,24,0,0,1,4,2,0
945,26,0,0,0,8,6,0
959,20,0,1,1,9,4,2
960,26,0,0,0,7,3,1
967,27,0,2,1,9,18,1
973,57,0,0,0,4,0,1
985,31,0,0,0,2,1,0
991,23,0,0,0,7,4,0
1001,47,0,0,0,9,20,0
1004,23,0,0,0,6,2,1
1005,65,0,0,0,2,2,1
1011,36,0,0,0,2,1,0
1026,46,0,0,0,9,17,2
1027,22,0,0,1,9,3,0
1043,31,0,0,0,7,5,0
1045,20,0,0,0,8,0,0
1051,33,0,0,0,2,3,1
1055,33,0,0,0,8,4,1
1060,44,0,0,0,1,1,0
1079,37,0,0,0,1,5,1
1108,30,0,0,0,6,0,0
1109,45,0,0,0,4,0,1
1122,24,0,0,0,3,0,0
1132,53,0,0,0,1,0,0
1161,55,0,0,0,8,19,0
1169,29,0,0,0,4,1,0
1177,47,0,0,0,1,0,0
1188,23,0,0,0,4,0,0
1193,48,0,0,0,7,0,0
1195,37,0,0,0,7,3,0
1200,24,0,0,0,5,0,1
1215,83,0,0,0,1,0,0
1221,29,0,0,0,7,3,0
1233,26,0,0,0,4,8,0
1240,29,0,1,0,10,16,0
1249,22,0,0,0,3,0,0
1251,20,0,0,0,3,0,0
1257,22,0,0,1,7,1,3
1267,23,0,0,1,3,0,0
1291,58,0,0,0,2,1,0
1295,26,0,0,0,4,0,0
1312,33,0,0,0,1,0,0
1320,46,0,0,0,1,0,0
1331,23,0,3,1,10,6,3
1335,37,0,0,0,4,4,0
1348,29,0,0,0,5,1,0
1349,43,0,0,0,1,0,0
1354,27,0,0,0,1,1,0
1358,28,0,0,0,6,3,1
1367,33,0,0,0,2,0,2
1376,28,0,0,0,5,1,0
1381,42,0,0,0,1,0,0
1383,30,0,0,0,4,0,0
1387,35,0,0,0,3,1,0
1393,49,0,0,0,1,3,6
1397,63,0,0,0,9,3,0
1411,69,0,0,0,1,0,0
1418,45,0,0,0,3,1,0
1427,32,0,0,0,9,14,1
1433,21,0,0,0,8,1,0
1448,23,0,0,0,3,0,0
1467,29,0,0,1,7,10,1
1471,22,0,0,0,5,2,1
1478,37,0,0,0,2,0,0
1479,52,0,0,0,1,6,3
1484,32,0,0,0,9,8,2
1485,21,0,0,0,7,1,1
1504,55,0,0,0,3,6,0
1531,21,0,0,1,5,1,1
1535,22,0,0,0,7,1,3
1578,39,0,0,0,1,1,0
1588,35,0,0,0,10,1,1
1591,53,0,0,0,1,0,0
1593,57,0,0,0,1,0,0
1596,27,0,0,0,3,1,1
1610,21,0,0,2,6,4,0
1619,38,0,0,0,4,2,0
1623,57,0,0,0,7,19,0
1638,45,0,0,0,3,10,1
1646,47,0,0,0,1,0,0
1660,27,0,0,1,10,9,4
1666,62,0,0,0,1,2,2
1667,20,0,0,0,5,0,1
1673,29,0,0,0,7,7,2
1682,40,0,0,0,1,3,0
1684,24,0,0,0,7,2,0
1696,35,0,0,0,8,10,0
1715,43,0,0,0,6,9,1
1718,25,0,1,0,9,11,1
1725,27,0,0,0,3,0,1
1741,24,0,0,0,6,5,3
1746,25,0,0,0,3,1,1
1747,31,0,0,0,5,3,0
1755,24,0,0,0,7,0,0
1792,25,0,0,0,9,7,1
1796,21,0,0,0,3,0,1
1800,50,0,0,0,5,4,0
1801,23,0,0,0,3,0,0
1806,33,0,0,0,5,2,3
1826,47,0,0,0,1,2,0
1833,24,0,0,0,3,0,0
1855,27,0,0,0,10,3,0
1856,21,0,0,0,4,1,0
1857,29,0,0,0,8,0,0
1899,32,0,0,0,1,0,0
1906,30,0,0,0,4,3,0
1911,37,0,0,0,6,9,0
1922,31,0,0,0,3,0,0
1927,31,0,0,0,3,4,2
1929,26,0,0,0,5,0,4
1941,28,0,0,0,1,0,0
1943,24,0,0,0,3,0,2
1944,57,0,0,0,9,16,0
1957,30,0,0,0,1,0,0
1971,44,0,0,0,5,2,0
1994,29,0,0,0,10,7,1
1995,51,0,0,0,1,7,3
1997,41,0,0,0,5,10,0
2006,22,0,0,0,8,0,1
2015,57,0,0,0,1,2,0
2017,34,0,0,0,2,5,0
2019,20,2,0,0,8,2,1
2021,45,0,0,0,1,0,0
2036,32,1,2,0,10,17,2
2042,58,0,0,0,1,4,0
2044,33,0,0,0,2,0,0
2055,22,0,0,0,9,6,0
2081,21,0,0,0,9,1,0
2084,32,0,0,0,10,1,0
2090,23,0,0,0,4,0,0
2094,35,0,0,0,4,1,0
2106,47,0,0,0,3,5,0
2114,27,0,0,0,9,15,0
2117,57,0,0,0,9,20,0
2124,61,0,0,0,1,0,0
2126,23,0,0,0,8,5,1
2128,26,0,0,0,3,3,1
2136,28,0,0,0,2,1,0
2147,31,0,0,0,2,0,0
2155,57,0,0,0,7,15,0
2162,37,0,0,0,4,0,0
2179,54,0,0,0,1,9,0
2186,43,0,0,0,2,1,2
2209,28,0,0,1,3,3,1
2244,31,0,0,0,6,4,0
2260,24,0,0,0,2,0,0
2277,25,0,0,1,9,5,1
2314,56,0,0,0,2,3,0
2317,27,0,0,0,5,6,1
2331,41,0,0,0,4,0,0
2335,28,0,0,0,6,4,2
2342,29,0,0,0,8,11,0
2350,30,0,0,0,10,7,1
2371,33,0,0,0,2,2,0
2392,38,0,0,1,4,10,1
2448,21,0,0,0,8,0,4
2454,32,0,0,0,1,1,0
2458,33,0,0,0,2,0,0
2471,45,0,0,0,6,4,0
2481,35,0,0,0,1,2,0
2486,33,0,0,0,6,7,0
2490,37,0,0,0,5,8,1
2493,32,0,0,0,6,6,1
2494,23,0,0,0,7,2,1
2506,21,0,0,2,5,1,0
2508,25,0,0,0,7,2,0
2513,22,0,0,1,10,13,1
2539,25,0,0,0,7,4,1
2568,48,0,0,0,9,14,2
2584,23,0,0,0,7,3,0
2599,45,0,0,0,2,1,0
2605,45,0,0,0,8,1,0
2610,51,0,0,0,2,1,0
2616,23,0,0,0,5,2,0
2618,34,0,0,0,9,27,2
2621,31,0,0,0,7,1,2
2625,51,0,0,0,2,3,0
2627,31,0,0,0,2,1,0
2632,56,0,0,0,1,4,0
2638,23,0,0,3,4,0,0
2641,31,0,0,0,3,0,0
2648,30,0,0,0,2,0,0
2655,22,0,0,0,3,0,0
2672,30,1,0,0,9,5,2
2673,23,0,1,1,2,1,1
2682,25,0,0,0,2,1,0
2698,60,0,0,0,1,0,1
2704,29,0,0,0,2,0,1
2726,25,1,0,0,9,4,0
2738,31,0,0,0,1,0,0
2742,27,0,0,0,7,3,2
2765,26,0,0,0,2,0,0
2766,28,0,0,0,8,8,3
2798,46,0,0,0,1,1,0
2801,30,0,0,0,5,5,0
2802,43,0,0,0,1,0,0
2804,44,0,0,0,4,10,1
2806,25,0,0,0,7,1,0
2811,23,0,0,1,10,4,0
2815,55,0,0,0,3,6,0
2819,24,0,0,0,10,0,2
2836,51,0,0,0,1,1,1
2848,23,0,0,0,8,0,2
2866,61,0,0,0,1,2,0
2880,50,0,0,0,3,8,0
2884,23,0,0,1,5,1,0
2889,26,0,0,0,4,7,0
2893,27,0,0,0,8,4,0
2900,24,0,0,0,7,3,0
2912,43,0,0,0,3,3,0
2917,26,0,0,1,4,3,1
2920,47,0,0,0,1,0,0
2927,34,0,0,0,5,7,2
2981,39,0,0,0,1,0,0
2996,21,0,0,0,4,0,0
3003,42,0,0,0,4,1,0
3004,29,0,0,0,8,8,3
3016,32,0,0,1,5,4,0
3017,29,0,0,0,1,1,0
3028,53,0,0,0,-1,0,0
3031,29,0,0,0,10,7,2
3033,31,0,0,0,6,5,2
3036,33,0,0,0,1,0,0
3066,25,0,0,0,4,1,0
3071,41,0,0,0,2,4,1
3096,60,0,0,0,1,0,1
3101,30,0,0,0,2,2,0
3114,41,0,0,0,8,2,1
3121,37,0,0,0,1,1,0
3127,57,0,0,0,1,1,0
3131,40,0,0,0,5,8,1
3137,48,0,0,0,8,2,1
3149,25,0,0,0,4,0,0
3153,32,0,0,0,3,0,0
3156,49,0,0,0,1,4,0
3161,36,0,0,0,1,0,0
3162,29,0,0,1,7,7,4
3169,53,0,0,0,1,0,0
3173,60,0,0,0,1,2,0
3179,45,0,0,0,1,0,0
3185,34,1,0,0,6,9,0
3189,33,0,0,0,9,23,4
3196,24,0,3,2,10,8,0
3202,38,0,0,0,1,0,0
3213,28,0,0,0,1,0,0
3217,26,0,0,0,2,0,0
3238,29,0,0,1,10,11,2
3246,30,0,0,0,3,0,0
3250,52,0,0,0,1,2,0
3266,24,0,0,0,6,3,0
3269,31,0,0,0,2,0,0
3294,20,0,0,0,5,0,1
3296,42,0,0,0,3,0,0
3315,62,0,0,0,1,0,0
3329,43,0,0,0,4,0,1
3367,24,0,0,0,4,0,0
3368,32,0,0,0,1,0,0
3375,52,0,0,0,7,9,3
3397,62,0,0,0,7,1,0
3408,19,0,0,0,3,0,1
3411,27,0,0,0,2,0,0
3429,21,0,0,0,6,0,1
3437,21,0,0,0,6,0,0
3442,29,0,0,0,8,11,2
3451,46,0,0,0,2,2,0
3454,28,0,0,0,3,9,2
3456,21,0,1,0,8,1,2
3470,23,0,0,0,2,1,3
3475,43,0,0,0,5,5,0
3488,36,0,0,0,1,2,0
3494,22,0,0,0,10,8,0
3495,34,0,0,0,6,1,0
3504,26,0,0,0,4,2,0
3540,23,0,0,0,2,0,1
3553,36,0,0,0,5,3,0
3558,36,0,0,0,7,3,0
3562,52,0,0,0,1,0,0
3564,27,0,0,1,7,8,1
3575,44,0,0,0,1,0,0
3591,27,0,0,0,3,2,0
3607,57,0,0,0,3,3,1
3608,37,0,0,0,2,1,0
3627,44,3,0,0,7,16,0
3640,24,0,0,0,7,7,0
3645,34,0,0,0,1,0,0
3647,20,0,0,0,3,0,0
3655,55,0,0,0,4,1,0
3659,66,0,0,0,1,1,0
3660,46,0,0,0,3,2,0
3663,33,0,0,0,6,8,1
3686,24,0,0,0,5,0,0
3691,19,0,0,0,9,0,1
3706,39,0,0,0,1,1,0
3724,38,0,0,0,1,1,0
3737,27,0,0,0,2,0,0
3759,31,0,0,0,8,14,0
3766,22,0,0,0,2,0,1
3777,35,0,0,0,3,0,0
3785,21,0,1,1,3,1,1
3790,29,0,0,0,3,1,0
3810,43,0,0,0,4,0,0
3812,26,0,0,0,5,1,1
3835,62,0,0,0,1,0,0
3841,56,0,0,0,2,1,0
3843,56,0,0,0,1,2,1
3851,54,0,0,0,7,2,0
3861,26,0,0,0,6,3,0
3864,61,0,0,0,1,0,0
3873,54,0,0,0,8,3,0
3896,23,0,0,0,7,6,2
3901,21,0,0,0,9,0,0
3905,35,0,0,0,1,2,0
3911,45,0,0,0,6,8,0
3923,56,0,0,0,1,4,0
3930,45,0,0,0,2,2,0
3938,33,0,0,0,6,3,0
3947,40,0,0,0,1,1,0
3952,37,0,0,0,4,0,0
3968,24,0,0,0,2,1,0
3982,44,0,0,0,1,0,0
3996,49,0,0,0,1,5,0
4009,25,0,0,0,2,1,0
4011,27,0,0,0,6,0,0
4043,21,0,0,0,6,1,0
4050,42,0,0,0,2,2,0
4052,36,0,0,0,5,6,0
4057,40,0,0,0,1,1,0
4064,33,0,0,0,4,2,0
4076,33,0,0,0,6,6,0
4078,47,0,0,0,1,0,1
4081,27,0,0,0,3,1,0
4086,26,0,0,0,10,13,1
4097,35,0,0,0,1,1,0
4109,41,0,0,0,4,4,0
4114,44,0,0,0,1,0,0
4118,27,0,0,0,6,6,1
4157,22,0,0,0,4,0,1
4164,40,0,0,0,4,4,3
4169,35,0,0,0,3,2,1
4178,27,0,0,0,3,0,0
4183,59,0,0,0,1,0,0
4224,49,0,0,0,1,0,0
4227,32,0,0,0,1,0,4
4248,33,0,0,0,9,8,2
4252,47,0,0,0,1,2,0
4275,53,0,0,0,3,1,0
4278,45,0,0,0,7,4,0
4283,24,0,0,0,7,2,2
4290,29,0,0,0,1,1,0
4305,38,0,0,0,1,0,0
4319,56,0,0,0,4,2,0
4338,50,1,0,0,2,5,0
4339,41,0,0,0,10,19,3
4393,21,0,0,0,4,0,1
4405,35,0,0,0,8,23,0
4427,24,0,0,0,9,6,0
4434,26,0,0,0,7,9,1
4435,48,0,0,0,1,0,0
4456,29,0,0,0,1,0,0
4462,26,0,0,0,3,1,0
4463,45,0,1,0,2,7,2
4465,40,0,0,0,1,0,0
4496,24,0,0,0,3,0,0
4498,26,0,0,0,7,10,4
4523,48,0,0,0,1,0,0
4548,22,0,0,0,5,2,0
4557,33,0,0,0,5,3,0
4571,21,0,0,0,3,0,0
4574,31,0,0,0,8,9,1
4587,36,0,0,0,7,0,1
4592,21,0,0,1,10,0,1
4601,40,0,0,0,8,7,0
4603,39,0,0,0,3,2,1
4615,24,0,0,0,6,2,0
4624,32,0,0,0,8,2,1
4635,28,0,0,0,2,0,0
4640,25,0,1,1,10,10,3
4653,26,0,0,0,8,11,0
4658,34,0,0,0,6,5,0
4665,21,0,0,0,4,0,0
4681,21,0,0,0,10,1,1
4684,35,0,0,0,10,0,1
4735,23,0,0,0,7,0,0
4740,55,0,0,0,1,0,0
4745,31,0,0,0,5,3,0
4765,45,0,0,0,1,3,0
4772,24,0,0,0,10,0,0
4774,61,0,0,0,1,0,0
4777,29,0,0,0,1,0,0
4783,31,0,0,0,4,1,3
4810,69,0,0,0,1,0,0
4815,35,0,0,0,6,2,0
4845,26,0,0,0,2,2,1
4877,22,0,0,0,3,2,1
4880,27,0,0,0,7,3,0
4887,29,0,0,0,5,6,2
4910,24,0,0,0,4,0,1
4913,31,0,0,0,2,1,0
4914,23,0,1,0,8,7,2
4915,22,0,0,0,5,1,0
4924,47,0,0,0,1,0,0
4936,26,0,0,0,2,3,1
4975,52,0,0,0,1,0,0
4985,20,0,0,0,5,1,0
4987,23,0,0,0,6,0,0
4992,42,0,0,0,6,9,1
4996,27,0,0,0,1,1,0
5021,38,3,0,0,9,11,0
5028,53,0,0,0,1,2,0
5029,22,0,0,0,3,0,0
5031,21,0,0,0,2,0,0
5036,21,0,0,11,10,2,0
5038,34,0,0,0,8,3,0
5051,30,0,1,1,3,3,0
5081,45,0,0,0,4,4,0
5086,46,0,0,0,1,0,3
5095,26,0,0,0,4,3,0
5096,38,0,0,0,4,0,0
5103,30,0,0,0,9,7,0
5115,46,0,0,0,1,0,0
5117,20,0,1,0,9,2,1
5123,31,0,0,0,3,3,1
5140,25,0,0,0,1,0,1
5157,22,0,0,0,7,1,0
5162,41,0,0,0,3,0,0
5165,22,0,0,0,3,1,0
5169,25,0,0,0,5,4,0
5175,57,0,0,0,1,0,0
5187,71,0,0,0,2,13,0
5191,23,0,0,0,8,0,1
5196,33,0,0,0,4,1,0
5200,31,0,0,0,6,0,0
5205,24,0,0,0,9,8,1
5218,46,0,0,0,3,2,0
5230,21,0,0,0,4,0,0
5238,27,0,0,0,4,0,0
5242,34,0,0,0,3,1,0
5253,33,0,0,0,7,3,1
5271,28,0,0,0,4,0,1
5278,21,0,0,0,8,0,5
5283,36,0,1,0,7,7,0
5289,28,0,0,0,5,7,1
5294,44,0,0,0,4,7,0
5303,54,0,0,0,5,26,0
5316,26,0,0,0,3,1,1
5325,28,0,0,0,2,0,0
5327,32,0,0,0,1,1,4
5328,43,0,0,0,1,1,0
5338,48,0,0,0,1,0,0
5344,32,0,0,0,1,0,0
5347,42,0,0,0,6,5,0
5357,30,0,0,0,4,5,0
5358,26,0,0,0,3,0,1
5394,56,0,0,0,2,3,0
5395,27,0,0,0,7,2,1
5406,31,0,0,0,3,2,0
5410,39,0,0,0,1,0,0
5414,28,0,0,0,9,9,0
5428,25,0,0,0,4,5,1
5445,34,0,2,0,10,9,1
5450,55,0,0,0,3,2,0
5468,22,0,0,0,2,0,0
5482,30,0,0,0,5,5,1
5490,28,0,0,0,10,10,0
5505,60,0,0,0,1,0,0
5510,41,0,0,0,1,0,0
5515,45,0,0,0,1,1,0
5520,50,0,0,0,1,1,0
5535,21,0,0,1,6,1,3
5547,42,0,0,0,8,19,0
5557,51,0,0,0,4,0,1
5564,35,0,0,0,4,5,3
5579,43,0,0,0,9,5,0
5585,43,0,0,0,1,4,2
5592,39,0,0,0,5,9,1
5614,33,0,0,0,8,2,2
5620,25,0,0,2,9,11,3
5623,32,0,0,0,6,0,1
5631,36,0,0,0,9,1,0
5634,39,0,0,0,1,0,0
5637,60,0,0,0,1,1,0
5646,23,0,0,0,6,6,1
5647,42,0,0,0,1,0,1
5670,18,5,0,0,8,4,3
5692,40,0,0,0,1,0,1
5697,22,0,0,0,3,0,0
5703,49,0,0,0,1,0,0
5715,23,0,0,0,3,0,0
5738,51,0,0,0,3,3,0
5755,56,0,0,0,1,2,0
5765,51,1,0,1,9,19,0
5784,35,0,0,0,5,3,1
5785,33,0,0,0,1,0,0
5821,31,0,0,0,5,3,0
5822,37,0,0,0,1,0,0
5828,39,0,0,0,8,7,2
5833,47,0,0,0,1,3,0
5839,35,0,0,0,4,7,0
5841,27,0,0,0,6,1,0
5844,26,0,0,1,5,3,0
5849,29,0,0,0,6,0,0
5866,22,0,0,1,2,2,0
5871,54,0,0,0,2,2,0
5873,33,0,0,0,8,14,6
5876,37,0,0,0,3,2,0
5900,32,0,0,0,5,4,0
5904,26,0,0,0,8,4,1
5909,42,0,0,0,4,4,0
5910,56,0,0,0,6,18,0
5913,52,0,0,0,2,4,0
5925,63,0,0,0,1,0,0
5939,45,0,0,0,1,2,0
5960,55,0,0,0,1,0,0
5993,51,0,0,0,2,1,0
6004,30,0,0,0,1,0,0
6012,31,0,0,0,10,1,0
6016,21,0,0,0,9,0,0
6023,54,0,0,0,1,0,0
6031,34,0,0,0,5,4,0
6036,21,0,0,0,4,0,0
6042,37,0,0,0,4,4,1
6048,31,0,0,0,8,6,0
6051,23,0,0,2,7,1,0
6052,30,0,0,0,9,23,0
6059,50,0,0,0,6,5,0
6060,25,0,2,0,9,5,0
6092,33,0,0,0,1,1,0
6101,27,0,0,0,2,0,0
6110,23,0,0,0,3,0,0
6112,34,0,0,0,1,0,1
6120,27,0,0,0,1,0,0
6125,32,0,0,0,1,7,0
6128,21,0,0,0,7,0,0
6133,49,0,0,0,1,0,0
6137,52,0,0,0,1,0,0
6138,55,0,0,0,1,0,0
6150,33,0,0,0,2,0,0
6160,29,0,0,0,8,6,1
6189,46,0,0,0,2,1,1
6195,24,0,1,0,5,3,1
6208,25,0,0,0,6,1,0
6222,23,0,0,0,3,0,2
6244,28,0,0,0,5,3,1
6259,45,0,0,0,1,1,0
6274,28,0,0,0,10,16,4
6286,24,0,0,0,9,7,1
6287,32,0,0,0,1,0,0
6293,44,0,0,0,1,0,0
6300,35,0,0,0,5,1,0
6304,27,0,0,0,9,9,2
6319,23,0,0,0,9,2,1
6345,20,0,0,0,3,0,0
6357,54,0,0,0,5,13,0
6372,26,0,0,0,6,4,2
6380,28,0,0,0,7,3,0
6382,28,0,0,0,2,2,1
6396,54,0,0,0,1,6,0
6400,30,0,0,0,4,0,1
6441,36,0,0,0,5,4,0
6458,36,0,0,0,2,0,0
6483,56,0,0,0,2,13,0
6511,29,0,0,0,6,1,1
6534,33,0,0,0,7,5,0
6546,28,0,0,0,8,2,0
6549,52,0,0,0,1,0,2
6556,24,0,0,0,3,1,0
6573,25,0,0,0,2,0,1
6579,19,0,0,0,6,0,0
6584,30,0,0,1,3,1,0
6669,39,0,0,0,10,35,0
6682,27,0,0,0,8,5,0
6683,24,0,0,0,6,3,2
6688,42,0,0,0,4,0,0
6699,35,0,0,0,7,4,0
6725,24,0,0,1,4,2,0
6735,51,0,0,0,1,0,0
6760,33,0,0,0,7,2,0
6762,20,0,0,0,3,0,1
6769,40,0,0,0,2,0,0
6806,41,0,0,0,8,11,0
6807,31,0,0,0,9,6,1
6809,29,0,0,0,6,0,0
6829,49,0,0,0,2,0,1
6831,34,0,0,0,10,9,4
6846,22,0,0,0,6,0,1
6865,59,0,0,0,4,4,0
6868,38,0,0,0,8,1,0
6878,47,0,0,0,6,1,1
6883,54,0,0,0,2,1,0
6891,43,0,0,0,3,1,0
6907,29,0,0,0,1,0,0
6932,22,0,0,0,7,3,2
6959,28,0,0,0,4,0,0
6960,31,0,0,0,1,0,0
6969,50,0,0,0,1,3,0
6970,23,0,0,0,4,1,0
6981,39,0,0,0,1,0,1
6995,55,0,0,0,5,18,0
6997,25,0,0,0,4,2,1
7004,24,0,0,2,6,2,0
7015,23,0,0,0,2,0,0
7016,22,0,0,0,10,4,0
7022,25,0,0,0,3,0,1
7029,33,0,0,0,9,16,1
7037,26,0,1,0,10,6,3
7039,36,0,0,0,1,3,2
7046,27,0,0,0,5,0,0
7054,51,0,0,0,1,0,0
7066,30,0,1,2,7,12,0
7075,26,0,0,0,3,0,0
7118,55,0,0,0,2,9,0
7133,27,0,0,0,8,9,0
7140,42,0,0,0,6,0,1
7143,57,0,0,0,1,1,0
7145,29,0,0,0,4,1,1
7171,39,0,0,0,3,2,0
7180,37,0,0,0,4,4,0
7195,23,0,0,0,8,1,0
7216,32,0,1,3,8,7,3
7220,43,0,1,0,4,4,0
7228,30,3,0,0,4,4,1
7230,44,0,0,0,10,4,0
7231,37,0,0,0,7,3,0
7237,40,0,0,0,4,3,0
7245,25,0,0,0,8,5,1
7247,24,0,0,0,5,2,2
7274,31,0,0,0,3,0,0
7278,22,0,0,0,9,5,1
7353,37,0,0,0,5,5,0
7357,34,0,0,0,3,0,0
7362,24,0,0,1,9,11,1
7365,28,0,0,0,3,3,0
7367,46,0,0,0,9,10,0
7374,25,0,0,0,3,1,0
7408,63,0,0,0,6,8,0
7411,30,0,0,0,9,5,1
7420,29,0,0,0,2,0,3
7427,27,0,0,0,8,8,1
7444,24,0,0,0,5,1,1
7449,36,0,0,0,9,13,1
7464,23,0,1,2,6,2,1
7469,31,0,0,0,5,4,1
7472,80,0,0,0,1,0,0
7500,25,0,0,0,3,1,0
7503,25,0,0,0,2,1,0
7533,43,0,0,0,2,1,0
7536,39,0,0,0,1,1,0
7545,24,0,0,2,5,3,0
7553,20,0,0,0,5,0,0
7562,26,0,0,0,6,1,0
7563,33,0,0,0,3,1,0
7568,20,0,3,0,5,3,1
7578,43,0,0,0,2,2,0
7580,51,0,0,0,8,2,1
7589,26,0,0,0,3,2,2
7590,51,0,0,0,6,33,0
7597,31,0,0,0,1,0,0
7626,21,0,0,1,3,1,0
7634,36,0,0,0,1,0,0
7636,38,0,0,0,2,0,0
7638,34,0,0,0,1,2,1
7643,23,0,0,0,3,1,0
7647,68,0,0,0,4,2,0
7650,41,0,0,0,4,1,3
7657,39,0,0,0,2,2,0
7674,24,0,0,0,5,0,1
7682,26,0,0,0,8,1,0
7684,26,0,0,0,6,6,0
7693,20,0,0,1,7,2,2
7698,34,0,0,4,8,11,4
7709,52,0,0,0,8,5,0
7717,34,2,0,1,7,8,3
7720,55,0,0,0,1,0,1
7723,24,0,0,0,2,0,0
7733,30,0,0,0,2,3,1
7735,51,0,0,0,2,1,0
7753,54,0,0,0,1,1,0
7779,37,0,0,0,1,0,0
7800,56,0,0,0,2,2,0
7811,43,0,0,0,1,1,0
7820,30,0,0,0,2,4,1
7821,30,0,0,0,8,1,0
7827,50,0,0,0,2,2,0
7830,31,0,0,0,5,2,1
7834,33,0,0,0,2,1,0
7842,51,0,0,0,1,4,0
7859,29,0,0,0,6,8,1
7864,40,0,0,0,1,2,0
7872,29,0,0,0,9,17,0
7879,36,0,0,0,4,0,0
7888,22,0,0,0,9,2,0
7898,35,0,0,0,3,2,0
7901,25,0,0,0,7,6,1
7923,68,0,0,0,7,7,1
7925,23,0,0,0,8,3,0
7944,36,0,0,0,1,2,0
7963,33,0,0,0,1,0,0
7978,31,0,0,0,2,0,0
7979,45,0,0,0,6,21,1
7981,37,1,6,0,7,13,0
7992,55,0,0,0,7,18,1
7994,37,0,0,0,2,8,2
7998,56,0,0,0,1,2,0
8008,27,0,0,0,5,1,0
8019,49,0,0,0,2,0,0
8025,65,0,0,0,4,6,0
8055,49,0,0,0,2,2,0
8056,36,0,0,0,1,1,0
8059,58,0,0,0,3,10,2
8068,32,0,0,0,8,6,0
8071,56,0,0,0,4,13,0
8083,34,0,0,0,7,12,0
8090,37,0,0,0,2,1,3
8091,43,0,0,0,1,0,2
8106,69,0,0,0,1,1,2
8107,49,0,0,0,1,1,0
8119,27,0,0,0,5,2,2
8124,36,0,0,0,2,4,1
8152,25,0,0,0,1,2,0
8169,25,0,0,0,3,0,0
8189,48,0,0,0,1,0,0
8195,37,0,0,0,9,17,0
8196,51,0,0,0,5,8,1
8204,45,1,0,0,7,16,0
8205,41,0,0,0,2,0,1
8220,33,0,0,0,2,3,0
8224,32,0,0,0,1,1,0
8235,24,0,0,0,9,5,1
8240,36,0,0,0,2,1,0
8242,39,0,0,0,1,0,0
8246,24,0,0,0,6,3,0
8256,29,0,0,0,3,11,3
8265,44,0,0,0,3,0,0
8310,22,0,0,4,3,3,0
8341,47,0,0,0,5,1,0
8343,30,0,0,0,8,7,4
8378,64,0,0,0,10,8,2
8379,76,0,0,0,1,0,0
8401,39,0,0,0,9,16,1
8406,30,0,0,0,8,5,1
8413,25,0,0,0,5,3,3
8422,31,0,0,1,8,2,2
8436,21,0,0,0,5,0,1
8439,30,0,0,0,4,3,0
8440,40,0,0,0,4,6,0
8441,34,0,0,0,1,2,0
8442,39,0,0,0,2,2,0
8447,30,0,0,0,9,13,5
8459,45,0,0,0,2,7,0
8464,39,0,0,0,1,0,0
8467,28,0,0,0,5,6,1
8469,29,0,1,1,4,4,1
8476,52,0,0,0,1,2,0
8478,34,0,1,0,7,15,0
8492,26,0,0,0,10,7,3
8503,30,0,0,0,2,1,0
8513,46,0,0,0,1,1,0
8514,46,0,0,0,1,1,1
8516,57,0,0,0,1,0,0
8530,45,0,0,0,1,0,0
8535,58,0,0,0,4,0,1
8539,24,0,0,0,6,5,0
8545,26,0,0,0,3,0,0
8582,47,0,0,0,1,0,0
8603,38,0,0,0,1,2,0
8605,35,0,0,0,3,6,0
8609,25,0,0,0,6,2,0
8620,32,0,1,0,6,13,0
8627,31,0,0,0,4,0,0
8635,52,0,0,0,1,0,0
8641,77,0,0,0,1,1,0
8649,34,0,0,0,2,3,2
8651,25,0,0,2,7,6,2
8670,31,0,0,0,6,2,0
8675,40,0,0,0,3,5,0
8689,41,0,0,0,1,1,0
8690,23,0,0,0,3,0,0
8744,22,0,0,0,7,2,2
8745,26,0,0,0,4,1,2
8755,36,0,0,0,1,0,1
8766,62,0,0,0,-1,2,0
8770,34,0,0,0,2,0,0
8775,41,0,0,0,9,7,0
8791,29,0,0,0,6,0,0
8804,23,0,0,0,2,0,0
8809,22,0,0,0,5,1,1
8811,34,0,0,0,1,1,0
8812,32,0,0,0,3,3,0
8825,44,0,0,0,6,0,0
8837,20,0,0,0,4,6,0
8854,35,0,0,0,4,4,0
8857,27,0,0,0,5,0,0
8859,29,0,0,0,4,0,2
8861,31,0,0,0,9,0,0
8867,24,0,0,2,10,6,0
8868,27,0,0,0,4,0,0
8881,40,0,0,0,10,0,3
8889,36,0,0,0,2,1,0
8893,36,0,0,0,6,0,0
8897,32,0,0,0,1,0,0
8902,23,0,0,0,3,0,1
8903,33,0,0,0,1,1,0
8915,36,0,0,0,6,10,0
8924,27,0,0,0,4,1,2
8930,32,0,1,0,8,13,1
8940,58,0,0,0,1,0,0
8948,26,0,0,0,2,0,0
8963,28,0,0,0,8,0,0
8975,28,0,0,0,5,5,0
8987,39,0,0,0,2,0,0
8990,37,0,0,0,1,0,0
8993,27,0,0,0,2,3,0
8996,22,0,0,0,6,1,0
9001,19,0,0,0,8,0,0
9017,20,0,2,1,8,2,3
9025,21,0,0,0,8,6,0
9026,35,0,0,0,6,1,0
9028,43,0,0,0,1,2,0
9046,34,0,0,0,5,1,0
9064,30,0,0,0,8,7,3
9078,22,0,0,0,5,1,0
9082,36,0,0,1,8,16,0
9097,24,0,0,0,6,6,1
9121,34,0,2,0,5,7,0
9135,32,0,0,0,3,1,0
9137,26,0,0,0,3,1,0
9145,23,0,1,2,2,1,1
9174,20,0,0,0,8,0,1
9176,30,0,0,0,1,1,1
9196,35,0,0,0,3,0,5
9200,39,0,0,0,4,1,0
9201,24,0,0,1,2,1,3
9209,25,0,0,0,4,2,1
9211,22,0,0,0,10,5,0
9218,31,4,0,0,9,13,0
9220,29,0,0,0,1,0,0
9231,35,0,0,2,4,3,0
9268,28,0,0,0,2,1,1
9276,56,0,0,0,1,0,0
9291,21,0,0,0,3,0,0
9298,37,0,0,0,4,3,0
9313,30,0,0,0,2,1,0
9317,48,0,0,0,1,2,0
9325,50,0,0,0,9,3,4
9335,61,0,0,0,2,8,2
9344,48,0,0,0,4,5,2
9350,34,0,0,0,5,4,0
9352,20,0,4,0,10,4,0
9359,36,0,0,0,1,3,0
9387,29,0,0,0,2,1,0
9415,57,0,0,0,1,7,1
9416,26,0,0,0,5,1,1
9429,22,0,0,0,3,2,3
9451,28,0,0,0,7,4,1
9454,36,0,0,0,1,0,0
9456,21,0,0,0,7,0,0
9466,48,0,0,0,1,1,0
9470,25,0,0,0,3,4,0
9476,30,0,0,0,2,3,0
9484,41,0,0,0,2,1,0
9510,45,0,0,0,2,0,0
9516,32,0,3,0,2,7,1
9517,57,0,0,0,1,2,0
9520,53,0,0,0,7,3,0
9526,21,0,0,0,8,1,2
9529,35,0,0,0,8,6,1
9549,27,0,1,2,9,12,0
9552,27,0,0,0,7,1,1
9569,30,0,0,0,1,0,0
9570,22,0,0,2,3,0,3
9578,26,0,0,0,7,5,0
9606,26,0,0,0,6,3,1
9612,44,0,0,0,1,1,1
9624,39,0,0,0,3,0,0
9650,30,0,0,0,3,7,0
9665,21,0,0,0,5,1,0
9673,49,0,0,0,4,14,0
9678,44,0,0,0,1,1,0
9680,44,0,0,0,2,1,0
9700,31,0,0,0,10,9,0
9707,36,0,1,0,7,6,1
9711,30,0,0,1,2,2,0
9722,24,0,0,0,6,1,1
9726,36,0,0,0,2,1,0
9750,24,0,0,1,2,0,0
9757,21,0,0,0,6,0,0
9774,46,0,0,0,2,0,1
9777,38,0,0,0,3,0,1
9790,27,0,0,0,2,2,1
9794,20,0,0,0,4,0,0
9815,33,0,0,0,3,2,1
9823,53,0,0,0,5,20,0
9827,27,0,0,0,2,0,0
9845,46,0,0,0,1,0,1
9854,54,0,0,0,3,4,1
9880,46,0,0,0,1,0,0
9897,53,0,0,0,1,0,0
9902,32,0,0,0,1,0,1
9907,52,0,0,0,9,7,2
9921,27,0,0,0,5,1,0
9922,26,0,1,0,3,4,0
9924,29,0,0,0,3,0,2
9934,28,0,0,0,5,5,1
9940,30,0,0,0,9,15,1
9949,56,0,0,0,1,2,0
9966,54,0,0,0,5,12,2
9970,34,3,1,0,7,13,2
9980,41,0,0,0,6,2,1
9981,21,0,0,0,6,1,2
10003,57,0,0,0,4,8,0
10018,24,0,0,0,5,0,0
10027,46,0,0,0,6,4,0
10059,43,0,0,0,7,6,0
10060,25,0,0,0,7,0,0
10063,40,0,1,0,6,10,0
10069,36,0,0,0,2,0,0
10079,31,0,0,0,3,2,2
10081,24,0,0,1,8,7,1
10082,52,0,0,0,1,0,0
10097,25,0,0,0,3,3,1
10106,47,0,0,0,6,15,0
10109,28,0,0,0,2,1,0
10119,22,0,0,0,9,2,2
10121,25,0,0,0,9,7,2
10128,19,0,0,0,8,0,0
10132,31,0,0,0,1,2,1
10136,34,0,0,0,3,2,2
10162,25,0,0,0,10,3,0
10185,28,0,0,0,2,0,0
10193,21,0,0,0,5,1,0
10194,23,1,0,0,8,5,1
10196,25,0,0,0,9,4,0
10219,20,0,0,0,8,0,1
10221,26,0,0,1,10,5,0
10237,21,0,0,0,9,0,2
10242,31,0,0,0,7,3,0
10244,47,0,0,0,1,5,1
10252,24,0,0,0,4,0,0
10264,39,0,0,0,6,1,0
10279,44,0,0,0,2,1,0
10306,49,0,0,0,1,2,1
10324,24,0,0,0,4,1,1
10327,23,0,0,0,5,0,0
10335,45,0,0,0,1,1,0
10338,34,0,0,1,2,0,1
10339,23,0,0,0,10,1,1
10347,24,0,0,0,2,0,0
10351,25,0,0,0,4,0,1
10360,29,0,0,0,1,0,0
10369,29,0,0,0,1,1,0
10372,35,0,0,0,1,0,1
10381,24,0,0,0,6,1,2
10401,47,0,0,0,1,0,0
10406,43,0,0,0,7,2,0
10411,63,0,0,0,9,16,0
10431,41,0,0,0,1,3,0
10434,47,0,0,0,2,2,0
10449,51,0,0,0,2,3,0
10454,34,0,0,0,6,12,1
10457,28,0,0,0,7,9,1
10467,45,0,0,0,1,2,0
10475,31,0,0,0,9,0,0
10481,35,0,0,0,8,3,0
10487,58,0,0,0,2,12,1
10489,22,0,0,0,8,1,0
10501,32,0,0,0,4,0,0
10502,31,0,0,0,1,0,0
10510,39,0,0,0,1,1,0
10511,29,0,0,0,9,8,3
10523,29,0,0,0,2,4,3
10542,26,0,0,0,7,4,1
10544,67,0,0,0,1,0,0
10550,28,0,0,0,4,0,0
10568,34,0,0,0,4,11,0
10584,25,0,0,0,5,2,3
10587,29,0,0,1,5,5,0
10596,22,0,0,1,3,3,0
10600,38,1,4,0,8,25,0
10601,36,0,0,0,2,3,0
10604,22,0,0,0,6,2,1
10606,25,0,0,0,9,0,0
10611,54,0,0,0,3,1,1
10616,28,0,0,0,5,0,0
10619,22,0,0,0,10,0,2
10663,50,0,0,0,1,2,0
10665,60,0,0,0,6,13,1
10685,28,0,0,0,2,1,0
10713,24,0,0,0,3,1,0
10714,55,0,0,0,1,0,0
10720,22,0,0,0,6,1,1
10736,24,0,0,0,6,11,2
10738,33,0,0,0,3,0,0
10748,44,0,0,0,1,1,0
10761,24,0,0,0,4,4,3
10771,22,0,0,0,2,0,0
10772,27,0,0,0,10,0,0
10774,47,0,0,0,1,7,3
10783,66,0,0,0,1,0,0
10784,39,0,0,0,2,0,0
10785,26,0,0,0,2,0,0
10792,25,0,0,0,3,1,0
10800,22,0,0,0,3,1,0
10802,34,0,0,0,9,0,0
10813,27,0,0,0,5,4,0
10827,40,0,0,0,1,0,0
10836,25,0,0,0,6,3,1
10840,59,0,0,0,1,1,0
10841,27,0,0,0,1,0,1
10855,56,0,0,0,6,31,2
10867,32,0,0,0,6,2,0
10900,23,0,0,1,2,0,0
10921,26,0,0,0,2,2,0
10927,21,0,0,0,6,1,0
10931,28,0,0,0,3,1,0
10937,19,0,0,0,8,0,0
10939,54,0,0,0,1,1,0
10941,28,0,0,0,4,0,2
10962,36,0,0,0,6,4,1
10967,34,0,0,0,2,3,1
10994,30,0,0,0,2,0,2
10997,23,0,0,0,3,0,0
10999,57,0,0,0,1,0,0
11003,52,0,0,0,1,1,1
11016,38,0,0,0,1,0,0
11042,31,0,0,0,2,1,0
11043,25,0,0,0,10,10,1
11052,21,1,0,0,10,1,1
11053,21,0,0,0,8,0,1
11069,30,0,0,0,9,1,0
11091,26,0,0,0,3,2,0
11115,22,0,0,1,8,1,0
11131,36,0,0,0,7,5,1
11165,21,0,0,0,6,0,0
11177,27,0,0,0,5,5,3
11188,30,1,2,0,10,8,0
11201,38,0,0,0,1,2,0
11207,86,0,0,0,1,4,1
11237,42,0,0,0,1,1,0
11257,51,0,0,0,1,1,0
11263,26,0,0,0,2,2,1
11268,25,0,0,0,6,2,0
11295,25,0,0,0,2,3,3
11296,25,1,0,0,10,9,1
11297,39,0,0,0,1,0,0
11313,51,0,0,0,1,0,0
11317,47,0,0,0,1,0,0
11330,58,0,0,0,1,0,0
11332,53,0,0,0,8,0,0
11333,38,0,0,0,4,5,0
11386,26,0,0,0,7,5,2
11395,20,0,0,0,10,0,2
11421,22,0,0,0,3,0,0
11440,53,0,0,0,2,5,0
11445,28,0,0,0,6,4,2
11449,42,0,0,0,6,0,0
11454,56,0,0,0,7,8,0
11477,27,0,0,0,3,0,0
11479,28,0,0,0,1,0,0
11480,34,0,0,0,4,1,0
11490,39,0,0,0,1,0,0
11510,28,0,0,0,2,4,0
11516,26,0,0,0,1,0,0
11528,29,0,1,0,1,1,0
11539,53,0,0,0,1,1,0
11544,31,0,0,0,5,11,0
11557,25,0,0,0,4,0,0
11561,58,0,0,0,1,6,1
11596,21,0,0,0,7,0,1
11604,36,0,0,0,3,4,1
11613,25,0,0,0,9,2,1
11618,30,0,0,0,1,0,0
11623,26,0,0,0,2,0,0
11628,45,0,0,0,1,0,0
11637,38,0,0,0,3,0,0
11661,35,0,0,0,1,1,0
11688,33,0,0,0,2,5,0
11702,24,0,0,0,10,1,0
11704,60,0,0,0,1,8,0
11716,50,0,0,0,2,2,0
11729,55,0,0,0,1,6,0
11734,38,2,0,0,10,21,1
11740,54,0,0,0,1,0,0
11754,22,0,3,5,7,3,2